죄종별(1),죄종별(2),죄종별(3),범죄발생요일별(1),2011,2012,2013,2014,2015,2016,2017,2018,2019,2020,2021,2022
총범죄,강력범죄,강간,금요일,-,-,819,746,699,760,757,699,722,760,695,772
총범죄,강력범죄,강간,목요일,-,-,767,680,629,615,665,646,682,701,706,681
총범죄,강력범죄,강간,수요일,-,-,711,673,683,655,680,743,719,712,654,718
총범죄,강력범죄,강간,월요일,-,-,759,628,670,655,690,698,686,699,773,770
총범죄,강력범죄,강간,일요일,-,-,925,789,875,873,890,906,869,909,878,869
총범죄,강력범죄,강간,토요일,-,-,972,865,904,896,874,892,898,865,901,929
총범죄,강력범죄,강간,화요일,-,-,800,697,691,701,667,709,734,667,656,728
총범죄,강력범죄,강간・강제추행,금요일,2758,2842,-,-,-,-,-,-,-,-,-,-
총범죄,강력범죄,강간・강제추행,목요일,2788,2613,-,-,-,-,-,-,-,-,-,-
총범죄,강력범죄,강간・강제추행,수요일,2680,2774,-,-,-,-,-,-,-,-,-,-
총범죄,강력범죄,강간・강제추행,월요일,2572,2515,-,-,-,-,-,-,-,-,-,-
총범죄,강력범죄,강간・강제추행,일요일,2875,2975,-,-,-,-,-,-,-,-,-,-
총범죄,강력범죄,강간・강제추행,토요일,3067,3240,-,-,-,-,-,-,-,-,-,-
총범죄,강력범죄,강간・강제추행,화요일,2758,2711,-,-,-,-,-,-,-,-,-,-
총범죄,강력범죄,강도,금요일,597,359,290,226,206,175,142,101,121,84,88,73
총범죄,강력범죄,강도,목요일,545,399,286,231,205,163,139,117,124,105,66,58
총범죄,강력범죄,강도,수요일,604,363,288,225,183,165,142,116,105,103,72,64
총범죄,강력범죄,강도,월요일,558,358,296,240,223,157,123,120,113,118,53,80
총범죄,강력범죄,강도,일요일,539,361,285,220,229,167,151,126,111,77,84,82
총범죄,강력범죄,강도,토요일,563,390,260,235,195,156,131,108,108,78,64,68
총범죄,강력범죄,강도,화요일,588,357,275,209,205,166,139,133,116,98,68,91
총범죄,강력범죄,강제추행,금요일,-,-,2096,2071,2229,2471,2685,2547,2542,2390,2071,2359
총범죄,강력범죄,강제추행,목요일,-,-,2079,2045,2027,2228,2565,2389,2231,2082,1988,2223
총범죄,강력범죄,강제추행,수요일,-,-,2118,2042,2058,2128,2467,2333,2358,2152,2025,2214
총범죄,강력범죄,강제추행,월요일,-,-,1999,1901,2059,2091,2309,2197,2272,2068,1994,2163
총범죄,강력범죄,강제추행,일요일,-,-,2075,2126,2237,2373,2619,2564,2580,2185,1862,2185
총범죄,강력범죄,강제추행,토요일,-,-,2336,2297,2409,2641,2898,2760,2831,2503,2178,2567
총범죄,강력범죄,강제추행,화요일,-,-,2075,2129,2040,2122,2404,2263,2306,1964,1844,2153
총범죄,강력범죄,기타 강간·강제추행등,금요일,-,-,220,128,75,58,38,55,43,31,27,35
총범죄,강력범죄,기타 강간·강제추행등,목요일,-,-,229,125,65,52,38,45,39,28,35,31
총범죄,강력범죄,기타 강간·강제추행등,수요일,-,-,228,130,81,51,45,49,49,36,28,29
총범죄,강력범죄,기타 강간·강제추행등,월요일,-,-,221,131,76,56,35,51,53,38,37,36
총범죄,강력범죄,기타 강간·강제추행등,일요일,-,-,273,159,93,62,46,49,58,32,46,32
총범죄,강력범죄,기타 강간·강제추행등,토요일,-,-,276,153,90,68,64,59,38,47,24,33
총범죄,강력범죄,기타 강간·강제추행등,화요일,-,-,200,165,78,61,38,48,45,25,41,29
총범죄,강력범죄,방화,금요일,271,263,220,243,231,221,181,212,206,175,136,190
총범죄,강력범죄,방화,목요일,259,250,235,233,226,223,209,246,170,192,141,197
총범죄,강력범죄,방화,수요일,255,256,258,221,223,193,188,235,209,161,131,141
총범죄,강력범죄,방화,월요일,294,285,267,233,268,218,193,236,181,180,173,160
총범죄,강력범죄,방화,일요일,309,316,270,279,246,229,217,256,209,201,164,186
총범죄,강력범죄,방화,토요일,298,269,278,277,247,207,188,243,206,155,144,182
총범죄,강력범죄,방화,화요일,317,261,215,237,232,211,196,263,181,164,157,177
총범죄,강력범죄,살인기수,금요일,62,59,34,45,39,54,45,54,49,42,52,37
총범죄,강력범죄,살인기수,목요일,51,63,41,49,59,40,57,41,37,30,37,39
총범죄,강력범죄,살인기수,수요일,68,59,66,56,59,61,43,53,40,43,32,46
총범죄,강력범죄,살인기수,월요일,68,61,66,59,60,55,51,40,45,53,34,43
총범죄,강력범죄,살인기수,일요일,67,53,46,47,41,50,30,54,38,58,39,32
총범죄,강력범죄,살인기수,토요일,52,54,37,48,49,53,33,29,40,29,38,35
총범죄,강력범죄,살인기수,화요일,59,62,52,68,58,43,42,38,48,53,38,43
총범죄,강력범죄,살인미수등,금요일,102,79,78,74,68,81,73,67,85,51,59,58
총범죄,강력범죄,살인미수등,목요일,99,81,90,87,85,70,67,76,73,62,48,57
총범죄,강력범죄,살인미수등,수요일,108,82,79,82,101,81,73,68,62,60,55,54
총범죄,강력범죄,살인미수등,월요일,112,78,81,74,80,86,76,74,70,68,64,62
총범죄,강력범죄,살인미수등,일요일,122,88,101,73,94,91,74,72,71,57,53,65
총범죄,강력범죄,살인미수등,토요일,112,80,77,66,71,71,83,69,53,68,53,55
총범죄,강력범죄,살인미수등,화요일,122,96,81,85,65,78,78,62,68,50,56,76
총범죄,강력범죄,소계,금요일,3790,3602,3776,3578,3613,3902,4037,3834,3880,3644,3228,3653
총범죄,강력범죄,소계,목요일,3742,3406,3744,3494,3350,3456,3807,3659,3445,3312,3127,3411
총범죄,강력범죄,소계,수요일,3715,3534,3766,3476,3464,3416,3720,3693,3634,3402,3119,3403
총범죄,강력범죄,소계,월요일,3604,3297,3704,3312,3494,3385,3558,3529,3519,3320,3267,3445
총범죄,강력범죄,소계,일요일,3912,3793,3997,3758,3907,3931,4134,4154,4081,3637,3251,3596
총범죄,강력범죄,소계,토요일,4092,4033,4262,4016,4070,4200,4375,4299,4310,3896,3531,4026
총범죄,강력범죄,소계,화요일,3844,3487,3713,3643,3436,3475,3643,3619,3607,3121,2953,3420
총범죄,강력범죄,유사강간,금요일,-,-,19,45,66,82,116,99,112,111,100,129
총범죄,강력범죄,유사강간,목요일,-,-,17,44,54,65,67,99,89,112,106,125
총범죄,강력범죄,유사강간,수요일,-,-,18,47,76,82,82,96,92,135,122,137
총범죄,강력범죄,유사강간,월요일,-,-,15,46,58,67,81,113,99,96,139,131
총범죄,강력범죄,유사강간,일요일,-,-,22,65,92,86,107,127,145,118,125,145
총범죄,강력범죄,유사강간,토요일,-,-,26,75,105,108,104,139,136,151,129,157
총범죄,강력범죄,유사강간,화요일,-,-,15,53,67,93,79,103,109,100,93,123
총범죄,교통범죄,소계,금요일,81465,84446,90658,89157,92973,91267,76963,63750,58103,54381,48221,38316
총범죄,교통범죄,소계,목요일,78133,78722,82147,82368,85819,87438,73767,59736,54846,50518,45010,34872
총범죄,교통범죄,소계,수요일,76779,76301,81327,81707,84795,85277,71558,58184,54509,49712,44706,34202
총범죄,교통범죄,소계,월요일,70789,70692,75153,76089,79700,80279,66657,54328,51459,48515,42843,31335
총범죄,교통범죄,소계,일요일,70572,71365,75094,74665,77266,79265,65739,52166,47698,43196,37318,31817
총범죄,교통범죄,소계,토요일,83000,84792,89380,88756,91183,91712,76545,62725,57134,52071,46324,36943
총범죄,교통범죄,소계,화요일,75429,76466,79694,80751,84929,85163,69933,57482,53605,50332,44212,33544
총범죄,기타범죄,소계,금요일,27202,27614,30155,27629,33180,40735,35902,35007,37367,37686,36777,41501
총범죄,기타범죄,소계,목요일,27993,26815,28435,27137,33071,40077,37651,35019,37250,38844,37555,42339
총범죄,기타범죄,소계,수요일,27386,26501,29775,28295,33968,39676,36964,34617,36996,36489,38846,42011
총범죄,기타범죄,소계,월요일,25924,25162,28841,26773,32957,39069,35693,35126,39244,37465,40602,43168
총범죄,기타범죄,소계,일요일,17704,18782,19808,19471,22843,29040,24881,22896,25278,25127,24810,26316
총범죄,기타범죄,소계,토요일,22561,22750,23532,22724,26317,31267,26894,24794,26756,28287,26478,29670
총범죄,기타범죄,소계,화요일,27587,26643,28410,28497,33861,40675,36886,34403,37277,37931,38014,42959
총범죄,노동범죄,소계,금요일,246,213,266,479,155,397,459,339,143,53,64,109
총범죄,노동범죄,소계,목요일,294,279,290,192,202,425,465,349,175,62,69,116
총범죄,노동범죄,소계,수요일,270,250,316,163,218,406,563,299,168,52,81,101
총범죄,노동범죄,소계,월요일,293,244,269,188,235,468,577,397,162,81,75,106
총범죄,노동범죄,소계,일요일,88,89,101,42,60,84,121,67,85,18,16,82
총범죄,노동범죄,소계,토요일,123,101,143,63,67,107,138,77,103,17,15,76
총범죄,노동범죄,소계,화요일,270,215,336,181,208,570,539,355,139,73,86,124
총범죄,마약범죄,소계,금요일,654,649,781,696,901,1200,1066,989,1272,1370,1210,1628
총범죄,마약범죄,소계,목요일,606,684,699,717,980,1088,1110,988,1195,1387,1238,1571
총범죄,마약범죄,소계,수요일,656,623,696,714,984,1118,1206,986,1219,1529,1175,1508
총범죄,마약범죄,소계,월요일,642,626,757,766,1082,1143,1166,1038,1278,1591,1451,1761
총범죄,마약범죄,소계,일요일,418,513,463,538,729,786,898,748,789,962,865,1094
총범죄,마약범죄,소계,토요일,498,536,521,654,732,769,939,693,933,912,883,1092
총범죄,마약범죄,소계,화요일,686,637,681,740,1003,1225,1116,1071,1352,1435,1266,1677
총범죄,병역범죄,소계,금요일,3030,3387,3990,3444,3157,2760,2156,2197,1834,594,339,735
총범죄,병역범죄,소계,목요일,3410,3781,4048,3861,3319,2750,2287,2253,2082,734,314,974
총범죄,병역범죄,소계,수요일,2881,3322,3574,3419,2744,2431,2377,2287,1940,595,286,825
총범죄,병역범죄,소계,월요일,4866,5698,6535,5174,4578,3854,3603,3612,3068,979,436,885
총범죄,병역범죄,소계,일요일,183,445,329,206,219,178,272,149,111,38,38,67
총범죄,병역범죄,소계,토요일,449,457,277,182,194,256,190,117,97,49,57,84
총범죄,병역범죄,소계,화요일,5768,6053,7420,5263,4515,4422,4442,3656,3580,856,353,1068
총범죄,보건범죄,소계,금요일,2340,2732,2959,2276,2189,2545,2062,1846,2085,2361,2761,2983
총범죄,보건범죄,소계,목요일,2430,3049,3015,2479,2460,2487,2106,1839,2043,2370,2971,2924
총범죄,보건범죄,소계,수요일,2333,2781,4915,2563,2574,2413,2142,1672,1962,2237,2621,2645
총범죄,보건범죄,소계,월요일,2234,2681,3426,2503,2439,2288,1941,1860,2051,2378,2509,2571
총범죄,보건범죄,소계,일요일,985,1032,952,917,983,1076,1075,934,934,1181,1252,1494
총범죄,보건범죄,소계,토요일,1281,1712,1575,1285,1350,1404,1236,1122,1399,1730,1750,2251
총범죄,보건범죄,소계,화요일,2480,2813,3541,2634,2607,2449,1999,1760,2096,2338,3072,2881
총범죄,선거범죄,소계,금요일,27,171,59,265,103,145,114,302,95,102,40,486
총범죄,선거범죄,소계,목요일,30,189,48,302,107,139,103,292,113,116,48,468
총범죄,선거범죄,소계,수요일,48,244,112,317,143,224,69,327,100,166,45,504
총범죄,선거범죄,소계,월요일,31,175,52,268,133,159,69,313,90,128,48,492
총범죄,선거범죄,소계,일요일,15,129,37,212,76,109,67,177,65,94,27,272
총범죄,선거범죄,소계,토요일,28,159,47,228,75,104,78,191,57,102,25,293
총범죄,선거범죄,소계,화요일,33,195,43,282,123,138,140,295,91,121,41,454
총범죄,소계,소계,금요일,271837,279603,290897,275787,287124,285209,254521,247568,251352,248331,221779,234383
총범죄,소계,소계,목요일,260594,267294,272350,260482,272951,273068,248464,237403,241974,239912,217785,226820
총범죄,소계,소계,수요일,257864,261605,273680,261407,275298,270657,244731,234332,240590,237590,217179,223678
총범죄,소계,소계,월요일,251661,253581,270664,254123,268439,262770,237218,231545,242481,240514,221260,223326
총범죄,소계,소계,일요일,206872,215700,219141,215214,224673,229170,205729,186472,185520,178396,155229,163152
총범죄,소계,소계,토요일,242619,248763,254658,246972,257201,254921,227384,208405,208398,202492,178039,185657
총범죄,소계,소계,화요일,261151,266854,275886,264981,275971,273655,244294,235026,241591,240631,218555,225417
총범죄,안보범죄,소계,금요일,13,19,18,13,15,6,12,9,24,23,34,18
총범죄,안보범죄,소계,목요일,20,6,15,14,23,16,17,10,25,34,20,73
총범죄,안보범죄,소계,수요일,19,12,25,13,17,11,18,10,22,40,39,24
총범죄,안보범죄,소계,월요일,7,19,19,9,29,14,14,14,25,38,47,37
총범죄,안보범죄,소계,일요일,15,21,19,10,11,4,11,10,36,29,22,20
총범죄,안보범죄,소계,토요일,31,13,26,7,10,14,14,4,24,22,13,16
총범죄,안보범죄,소계,화요일,26,19,13,18,16,16,12,12,13,30,31,31
총범죄,절도범죄,소계,금요일,42692,44051,43634,40471,37363,30852,27505,26398,28156,27311,25209,28133
총범죄,절도범죄,소계,목요일,39233,40576,40372,36805,33668,27809,25746,24400,26098,24974,23989,26137
총범죄,절도범죄,소계,수요일,39674,40306,40451,36689,34908,27861,25147,24761,26061,25538,23743,26203
총범죄,절도범죄,소계,월요일,39466,39237,40199,35699,34039,27683,25011,24354,26239,25196,23429,25210
총범죄,절도범죄,소계,일요일,37476,40168,38781,36895,33217,28759,25926,24832,25466,23771,21687,23632
총범죄,절도범죄,소계,토요일,43084,46192,45667,42693,39215,32445,29623,27786,29266,27557,24897,27511
총범죄,절도범죄,소계,화요일,39737,39930,39239,36970,33443,27628,24799,24278,25671,25170,23455,25444
총범죄,지능범죄,문서・인장,금요일,2444,2571,2759,2412,2459,2294,2129,1991,1978,2100,1790,2022
총범죄,지능범죄,문서・인장,목요일,2497,2414,2633,2494,2480,2157,2087,2710,2032,1956,1853,1985
총범죄,지능범죄,문서・인장,수요일,2522,2393,2528,2457,2465,2245,1990,1893,1840,1974,1843,1946
총범죄,지능범죄,문서・인장,월요일,3101,2603,3002,2799,2823,2427,2152,2202,2130,2197,2026,2082
총범죄,지능범죄,문서・인장,일요일,734,886,788,756,806,874,921,673,620,570,416,484
총범죄,지능범죄,문서・인장,토요일,1042,1058,1043,1012,1070,1066,1174,829,772,730,585,667
총범죄,지능범죄,문서・인장,화요일,2608,2468,2632,2511,2443,2232,1999,1992,1971,2006,1959,2073
총범죄,지능범죄,배임,금요일,822,718,800,842,777,823,680,790,905,765,615,690
총범죄,지능범죄,배임,목요일,1034,730,772,726,710,706,628,730,735,703,560,640
총범죄,지능범죄,배임,수요일,751,683,734,747,747,753,610,725,787,735,561,643
총범죄,지능범죄,배임,월요일,803,809,752,722,738,706,613,802,859,701,696,667
총범죄,지능범죄,배임,일요일,255,269,338,298,289,274,273,248,248,215,182,148
총범죄,지능범죄,배임,토요일,315,317,412,327,317,347,282,288,302,245,233,154
총범죄,지능범죄,배임,화요일,745,703,809,794,711,749,620,761,730,728,619,664
총범죄,지능범죄,사기,금요일,38607,40317,45061,39947,41122,39638,38384,46698,52039,57481,47878,55241
총범죄,지능범죄,사기,목요일,36696,40396,44068,39064,40262,40052,38937,45752,51654,58505,50177,55538
총범죄,지능범죄,사기,수요일,37171,39195,43920,39182,40939,40326,38155,45399,51225,57917,49687,54397
총범죄,지능범죄,사기,월요일,36993,38739,46295,40767,41581,39426,37853,45478,52740,61648,52445,56266
총범죄,지능범죄,사기,일요일,15536,16590,20398,18083,18943,19759,18962,19524,20814,24493,19660,22374
총범죄,지능범죄,사기,토요일,21479,20078,23891,20985,22723,22229,20912,22158,24124,28439,22435,26051
총범죄,지능범죄,사기,화요일,36988,40051,45449,40381,41723,40183,38286,45020,51876,59192,51793,55981
총범죄,지능범죄,소계,금요일,48469,50556,55511,50073,52373,51436,49888,58834,64724,70358,58798,68516
총범죄,지능범죄,소계,목요일,46204,50237,53760,48444,50774,50809,49578,57746,63327,70131,60576,67742
총범죄,지능범죄,소계,수요일,46190,48604,53111,48653,51632,51084,48677,56448,62642,69560,59925,66354
총범죄,지능범죄,소계,월요일,47150,48950,56669,50644,52765,50461,48664,56954,64776,73767,63251,68747
총범죄,지능범죄,소계,일요일,19160,21334,25279,23301,25517,27222,26875,27392,29037,32442,26069,30173
총범죄,지능범죄,소계,토요일,26497,25510,29949,27382,30760,30739,30031,31248,33854,37517,30275,35425
총범죄,지능범죄,소계,화요일,46132,49910,55160,50155,52300,50826,48753,56076,63173,70867,62213,68148
총범죄,지능범죄,유가증권인지,금요일,172,92,73,58,47,38,34,58,24,15,8,8
총범죄,지능범죄,유가증권인지,목요일,102,77,78,69,53,32,39,32,21,14,10,10
총범죄,지능범죄,유가증권인지,수요일,143,84,87,54,44,37,37,30,30,19,8,10
총범죄,지능범죄,유가증권인지,월요일,129,90,77,65,46,47,41,20,22,13,18,8
총범죄,지능범죄,유가증권인지,일요일,45,29,40,21,17,7,11,17,8,2,2,3
총범죄,지능범죄,유가증권인지,토요일,87,42,37,27,26,13,17,15,19,6,6,2
총범죄,지능범죄,유가증권인지,화요일,125,94,64,66,49,45,38,25,16,15,11,17
총범죄,지능범죄,증수뢰,금요일,104,65,33,38,49,52,61,61,45,46,99,74
총범죄,지능범죄,증수뢰,목요일,116,59,44,44,38,36,54,64,42,63,67,56
총범죄,지능범죄,증수뢰,수요일,97,58,52,53,30,51,63,69,52,38,62,51
총범죄,지능범죄,증수뢰,월요일,117,61,42,35,42,49,47,53,46,40,56,44
총범죄,지능범죄,증수뢰,일요일,20,31,15,18,22,24,28,22,13,15,22,11
총범죄,지능범죄,증수뢰,토요일,33,30,24,31,22,16,18,21,20,23,34,25
총범죄,지능범죄,증수뢰,화요일,99,53,43,32,44,32,41,57,42,64,62,59
총범죄,지능범죄,직권남용,금요일,34,57,38,65,57,64,89,104,136,157,156,277
총범죄,지능범죄,직권남용,목요일,36,48,61,58,71,88,82,110,107,126,174,370
총범죄,지능범죄,직권남용,수요일,34,35,52,52,72,76,89,110,97,115,142,314
총범죄,지능범죄,직권남용,월요일,52,40,58,60,81,66,77,96,126,122,162,345
총범죄,지능범죄,직권남용,일요일,11,23,26,29,40,25,41,33,44,36,49,75
총범죄,지능범죄,직권남용,토요일,18,27,37,40,30,41,39,40,46,45,40,67
총범죄,지능범죄,직권남용,화요일,41,46,53,60,50,77,77,110,118,123,152,344
총범죄,지능범죄,직무유기,금요일,76,73,97,112,81,94,78,103,102,123,165,276
총범죄,지능범죄,직무유기,목요일,67,86,81,88,69,86,92,114,99,117,180,280
총범죄,지능범죄,직무유기,수요일,69,96,85,97,85,91,99,92,106,134,166,278
총범죄,지능범죄,직무유기,월요일,60,81,106,121,99,99,98,105,108,152,200,301
총범죄,지능범죄,직무유기,일요일,16,34,44,43,31,43,35,39,24,36,29,66
총범죄,지능범죄,직무유기,토요일,29,39,50,41,38,29,32,36,28,49,39,42
총범죄,지능범죄,직무유기,화요일,60,87,92,75,104,89,70,92,123,119,178,307
총범죄,지능범죄,통화,금요일,1541,1480,710,483,311,356,471,212,178,99,68,83
총범죄,지능범죄,통화,목요일,1425,1519,685,466,318,343,471,242,177,110,69,77
총범죄,지능범죄,통화,수요일,1354,1398,609,467,331,312,492,208,187,101,61,86
총범죄,지능범죄,통화,월요일,1451,1608,848,547,368,332,621,230,186,141,76,90
총범죄,지능범죄,통화,일요일,184,348,119,149,80,57,113,34,35,30,17,12
총범죄,지능범죄,통화,토요일,520,308,178,151,90,79,145,42,48,22,13,24
총범죄,지능범죄,통화,화요일,1425,1542,725,507,324,332,481,226,169,123,72,80
총범죄,지능범죄,횡령,금요일,4669,5183,5940,6116,7470,8077,7962,8817,9317,9572,8019,9845
총범죄,지능범죄,횡령,목요일,4231,4908,5338,5435,6773,7309,7188,7992,8460,8537,7486,8786
총범죄,지능범죄,횡령,수요일,4049,4662,5044,5544,6919,7193,7142,7922,8318,8527,7395,8629
총범죄,지능범죄,횡령,월요일,4444,4919,5489,5528,6987,7309,7162,7968,8559,8753,7572,8944
총범죄,지능범죄,횡령,일요일,2359,3124,3511,3904,5289,6159,6491,6802,7231,7045,5692,7000
총범죄,지능범죄,횡령,토요일,2974,3611,4277,4768,6444,6919,7412,7819,8495,7958,6890,8393
총범죄,지능범죄,횡령,화요일,4041,4866,5293,5729,6852,7087,7141,7793,8128,8497,7367,8623
총범죄,특별경제범죄,소계,금요일,11145,12671,11527,11312,13090,10401,8342,9005,8502,7847,6589,8034
총범죄,특별경제범죄,소계,목요일,10916,12492,11006,10981,13451,10365,8576,8730,8432,7603,6774,8176
총범죄,특별경제범죄,소계,수요일,10956,12091,10651,11536,13872,10292,8558,8728,8477,7757,6654,8006
총범죄,특별경제범죄,소계,월요일,11507,12853,12199,11928,13867,10131,8486,8830,8724,8167,7098,7994
총범죄,특별경제범죄,소계,일요일,5467,7200,6609,7461,8919,6113,5379,4589,3948,3883,2996,3828
총범죄,특별경제범죄,소계,토요일,6806,8342,7450,7984,9365,6780,5505,5332,4709,4539,3552,4485
총범죄,특별경제범죄,소계,화요일,11229,12506,11577,11706,13765,10943,8510,8780,8608,8030,7045,8092
총범죄,폭력범죄,공갈,금요일,724,1043,724,743,548,548,633,593,756,759,722,1001
총범죄,폭력범죄,공갈,목요일,774,1016,664,713,546,566,668,656,744,781,780,1026
총범죄,폭력범죄,공갈,수요일,752,953,585,683,495,546,648,604,757,820,789,1079
총범죄,폭력범죄,공갈,월요일,780,957,682,705,532,549,622,685,818,915,877,1207
총범죄,폭력범죄,공갈,일요일,727,809,490,563,439,413,518,457,483,538,552,667
총범죄,폭력범죄,공갈,토요일,769,934,573,673,457,550,508,457,549,583,567,753
총범죄,폭력범죄,공갈,화요일,713,986,592,782,579,573,555,644,740,885,844,1171
총범죄,폭력범죄,상해,금요일,9828,9077,7995,7236,6932,7161,6357,5628,5270,4785,4165,3947
총범죄,폭력범죄,상해,목요일,9502,8869,7764,7013,6566,6770,5923,5396,5110,4533,3931,3584
총범죄,폭력범죄,상해,수요일,9163,8754,7819,6888,6668,6853,6219,5395,5038,4488,3988,3567
총범죄,폭력범죄,상해,월요일,8848,8159,7402,6537,6318,6594,5882,5326,4908,4431,4025,3655
총범죄,폭력범죄,상해,일요일,9933,9006,8173,7462,7187,7820,7070,6105,5693,4926,3983,4124
총범죄,폭력범죄,상해,토요일,10360,9563,8703,7928,7561,7944,6939,6267,5776,5106,4446,4240
총범죄,폭력범죄,상해,화요일,9572,8914,8028,7217,6773,6886,6221,5649,5063,4635,3915,3689
총범죄,폭력범죄,소계,금요일,45282,45433,42296,42107,43768,44580,41918,41040,41198,38614,34121,35716
총범죄,폭력범죄,소계,목요일,42717,42707,39997,39506,41579,41575,39162,38576,39086,36065,31739,33329
총범죄,폭력범죄,소계,수요일,42204,42602,40144,39639,41723,41931,39632,38608,38905,36525,31823,33337
총범죄,폭력범죄,소계,월요일,40418,39735,38061,36973,39167,39421,37706,37497,38034,34826,32003,33005
총범죄,폭력범죄,소계,일요일,47622,47711,44559,44493,47819,49257,47177,45412,45295,40886,33800,37058
총범죄,폭력범죄,소계,토요일,50368,50958,48322,47646,50279,51243,48150,47133,46842,42746,37214,39640
총범죄,폭력범죄,소계,화요일,43334,43433,40809,39715,41612,41387,39341,39345,38553,36106,31961,33201
총범죄,폭력범죄,손괴,금요일,9063,9100,8511,8858,8603,8839,8326,8591,8788,8723,8104,8538
총범죄,폭력범죄,손괴,목요일,8065,8106,7905,7914,7981,7990,7674,7514,7989,7901,7529,7679
총범죄,폭력범죄,손괴,수요일,8267,8062,7740,7899,8169,7949,7507,7681,7766,7954,7367,7684
총범죄,폭력범죄,손괴,월요일,8125,7862,7586,7469,7654,7787,7439,7452,7974,7829,7561,7718
총범죄,폭력범죄,손괴,일요일,9219,9136,8529,8446,8864,8865,8519,8479,8617,8589,7633,8251
총범죄,폭력범죄,손괴,토요일,10386,10202,9645,9652,9810,9723,9311,9200,9378,9311,8605,9144
총범죄,폭력범죄,손괴,화요일,8319,8244,7897,7759,7896,7974,7507,7767,7634,7884,7389,7612
총범죄,폭력범죄,약취・유인,금요일,41,32,26,27,32,29,31,26,40,32,33,51
총범죄,폭력범죄,약취・유인,목요일,35,24,28,34,30,17,27,30,32,35,41,40
총범죄,폭력범죄,약취・유인,수요일,36,31,29,32,27,36,39,26,34,40,39,50
총범죄,폭력범죄,약취・유인,월요일,51,32,39,27,33,30,26,34,40,31,39,46
총범죄,폭력범죄,약취・유인,일요일,26,27,23,26,23,28,19,29,27,23,25,30
총범죄,폭력범죄,약취・유인,토요일,38,21,16,20,22,30,30,15,36,18,38,28
총범죄,폭력범죄,약취・유인,화요일,39,33,27,32,23,31,34,27,41,31,25,31
총범죄,폭력범죄,체포・감금,금요일,131,114,145,136,140,188,211,165,196,179,155,153
총범죄,폭력범죄,체포・감금,목요일,133,130,134,110,152,179,216,192,169,187,176,174
총범죄,폭력범죄,체포・감금,수요일,112,127,121,145,165,209,203,180,171,174,170,163
총범죄,폭력범죄,체포・감금,월요일,114,134,132,136,147,208,224,168,189,165,183,189
총범죄,폭력범죄,체포・감금,일요일,99,114,131,106,126,175,197,162,180,166,164,159
총범죄,폭력범죄,체포・감금,토요일,112,117,117,142,141,168,194,151,168,176,137,139
총범죄,폭력범죄,체포・감금,화요일,131,140,149,170,157,191,194,189,170,162,180,168
총범죄,폭력범죄,폭력행위등,금요일,6310,6416,5646,5187,4808,1845,1522,1206,1063,960,901,915
총범죄,폭력범죄,폭력행위등,목요일,6120,6045,5470,5051,4647,1654,1333,1163,1001,919,857,835
총범죄,폭력범죄,폭력행위등,수요일,6114,6122,5466,4954,4788,1667,1447,1088,1086,1008,839,832
총범죄,폭력범죄,폭력행위등,월요일,5983,5831,5280,4813,4626,1586,1402,1175,1126,975,907,883
총범죄,폭력범죄,폭력행위등,일요일,8087,8036,7105,6338,6158,2445,2174,1705,1544,1317,1020,1186
총범죄,폭력범죄,폭력행위등,토요일,7820,7959,7167,6359,5899,2420,2038,1662,1430,1288,1113,1203
총범죄,폭력범죄,폭력행위등,화요일,6295,6316,5570,4987,4760,1685,1339,1205,1100,931,847,891
총범죄,폭력범죄,폭행,금요일,18664,18946,18549,19132,21334,23728,22540,22423,22045,20075,16925,17924
총범죄,폭력범죄,폭행,목요일,17554,17857,17363,17897,20354,22168,21073,21181,21080,18718,15406,16937
총범죄,폭력범죄,폭행,수요일,17246,17933,17643,18258,20088,22403,21317,21160,20981,18976,15691,16943
총범죄,폭력범죄,폭행,월요일,15932,16075,16191,16507,18515,20470,19983,20195,19966,17420,15392,16214
총범죄,폭력범죄,폭행,일요일,19137,19997,19611,20924,23780,27162,26517,25977,25865,22361,17532,19627
총범죄,폭력범죄,폭행,토요일,20399,21614,21506,22218,25159,28079,26853,26997,26494,23248,19302,21039
총범죄,폭력범죄,폭행,화요일,17719,18124,17836,17984,20048,21793,21358,21334,20766,18563,15694,16533
총범죄,폭력범죄,협박,금요일,521,705,700,788,1371,2242,2298,2408,3040,3101,3116,3187
총범죄,폭력범죄,협박,목요일,534,660,669,774,1303,2231,2248,2444,2961,2991,3019,3054
총범죄,폭력범죄,협박,수요일,514,620,741,780,1323,2268,2252,2474,3072,3065,2940,3019
총범죄,폭력범죄,협박,월요일,585,685,749,779,1342,2197,2128,2462,3013,3060,3019,3093
총범죄,폭력범죄,협박,일요일,394,586,497,628,1242,2349,2163,2498,2886,2966,2891,3014
총범죄,폭력범죄,협박,토요일,484,548,595,654,1230,2329,2277,2384,3011,3016,3006,3094
총범죄,폭력범죄,협박,화요일,546,676,710,784,1376,2254,2133,2530,3039,3015,3067,3106
총범죄,풍속범죄,도박범죄,금요일,2526,1375,1154,1296,1315,2378,1250,866,1291,1307,1269,670
총범죄,풍속범죄,도박범죄,목요일,2285,1474,1025,1215,1170,1932,1087,873,1304,1080,1140,653
총범죄,풍속범죄,도박범죄,수요일,2254,1444,1191,1261,1213,1964,1233,827,1237,1170,947,501
총범죄,풍속범죄,도박범죄,월요일,2214,1322,1020,1055,1141,1866,1283,881,1106,1065,907,622
총범죄,풍속범죄,도박범죄,일요일,1761,1304,911,1071,1070,1510,1116,827,915,1100,640,519
총범죄,풍속범죄,도박범죄,토요일,2203,1379,1087,1122,1197,1902,1380,823,981,941,744,1010
총범죄,풍속범죄,도박범죄,화요일,2210,1568,1600,1273,1166,1894,1340,907,1174,1472,744,488
총범죄,풍속범죄,성풍속범죄,금요일,2456,2219,3063,2563,2456,1918,2073,2333,1982,2111,2473,3264
총범죄,풍속범죄,성풍속범죄,목요일,2169,2298,3130,2560,2507,1970,2134,2184,1900,2060,2495,3340
총범죄,풍속범죄,성풍속범죄,수요일,2090,2406,3015,2532,2487,1815,1999,2107,2066,2163,2496,3436
총범죄,풍속범죄,성풍속범죄,월요일,2086,2338,3094,2292,2322,1834,1983,1990,1957,2292,2640,3333
총범죄,풍속범죄,성풍속범죄,일요일,1269,1628,1972,1997,1832,1501,1709,1737,1614,1879,2274,3023
총범죄,풍속범죄,성풍속범죄,토요일,1376,1619,2174,2050,2164,1601,1900,1674,1670,1905,2134,2991
총범죄,풍속범죄,성풍속범죄,화요일,1935,2427,2937,2689,2451,2080,2014,2133,1956,2087,2457,3263
총범죄,풍속범죄,소계,금요일,4982,3594,4217,3859,3771,4296,3323,3199,3273,3418,3742,3934
총범죄,풍속범죄,소계,목요일,4454,3772,4155,3775,3677,3902,3221,3057,3204,3140,3635,3993
총범죄,풍속범죄,소계,수요일,4344,3850,4206,3793,3700,3779,3232,2934,3303,3333,3443,3937
총범죄,풍속범죄,소계,월요일,4300,3660,4114,3347,3463,3700,3266,2871,3063,3357,3547,3955
총범죄,풍속범죄,소계,일요일,3030,2932,2883,3068,2902,3011,2825,2564,2529,2979,2914,3542
총범죄,풍속범죄,소계,토요일,3579,2998,3261,3172,3361,3503,3280,2497,2651,2846,2878,4001
총범죄,풍속범죄,소계,화요일,4145,3995,4537,3962,3617,3974,3354,3040,3130,3559,3201,3751
총범죄,환경범죄,소계,금요일,500,465,1050,428,473,687,774,819,696,569,646,621
총범죄,환경범죄,소계,목요일,412,579,619,407,471,732,868,749,653,622,720,695
총범죄,환경범죄,소계,수요일,409,584,611,430,556,738,868,778,652,655,673,618
총범죄,환경범죄,소계,월요일,430,552,666,450,491,715,807,822,749,706,654,615
총범죄,환경범죄,소계,일요일,225,186,230,177,205,335,349,382,168,153,164,161
총범죄,환경범죄,소계,토요일,222,210,246,180,223,378,386,387,263,201,147,144
총범죄,환경범죄,소계,화요일,451,552,713,464,536,764,827,854,696,662,652,623
