대분류,중분류,소분류,범행동기별,2011,2012,2013,2014,2015,2016,2017,2018,2019,2020,2021,2022
소계,소계,소계,이욕,157196,140413,134375,125751,139683,149315,144996,135729,144146,137185,111711,110149
소계,소계,소계,사행심,26902,22190,20705,19462,18322,20396,16361,17034,18666,16916,12457,11839
소계,소계,소계,보복,345,336,339,347,371,496,349,297,305,324,379,366
소계,소계,소계,가정불화,5753,6069,7255,6977,19857,25730,22481,20314,22845,20135,23208,20357
소계,소계,소계,호기심,19546,16230,17336,16053,16177,21623,17666,9384,10375,13367,13438,13985
소계,소계,소계,유혹,11435,10869,10178,8564,8591,9675,8813,6805,6300,5840,5528,5835
소계,소계,소계,우발적,292494,283428,274132,259987,256669,255616,246704,261774,270465,257580,238243,262842
소계,소계,소계,현실불만,10262,10598,9804,9233,8460,8878,7720,5984,5958,5463,4327,4681
소계,소계,소계,부주의,239372,231967,238301,237471,238191,244196,222748,196869,188815,168145,152899,157601
소계,소계,소계,기타,518743,530004,533873,532573,527308,556882,482527,386117,363138,347240,314789,338963
소계,소계,소계,미상,533185,471711,495004,496017,537761,554798,515096,541615,554625,522226,370701,323712
소계,강력범죄,소계,이욕,3238,2632,2250,1694,1680,1470,1254,1160,1390,1165,869,886
소계,강력범죄,소계,사행심,145,77,87,55,54,47,43,63,88,107,89,84
소계,강력범죄,소계,보복,11,6,27,20,9,19,19,15,24,20,14,14
소계,강력범죄,소계,가정불화,291,237,245,236,282,271,252,210,206,192,175,132
소계,강력범죄,소계,호기심,1266,1104,1494,1738,1660,1677,1645,1021,1117,928,789,866
소계,강력범죄,소계,유혹,930,1012,1120,905,779,840,811,762,735,649,596,525
소계,강력범죄,소계,우발적,7708,7459,8571,7964,8019,8343,9374,10224,9801,9228,7757,8381
소계,강력범죄,소계,현실불만,350,278,282,298,281,301,262,219,174,158,130,144
소계,강력범죄,소계,부주의,380,321,418,509,533,685,740,631,738,631,519,573
소계,강력범죄,소계,기타,5779,6063,6810,8015,8495,8794,9092,7504,7812,7199,6902,7350
소계,강력범죄,소계,미상,5248,4600,4047,3631,4029,4624,5435,6493,6858,6694,5152,6062
소계,강력범죄,살인기수,이욕,42,36,24,18,16,15,14,6,6,5,10,11
소계,강력범죄,살인기수,사행심,-,-,-,-,-,1,-,-,1,1,-,1
소계,강력범죄,살인기수,보복,1,-,5,2,-,1,-,2,6,6,4,4
소계,강력범죄,살인기수,가정불화,59,51,37,37,32,41,35,33,24,23,26,17
소계,강력범죄,살인기수,호기심,-,-,-,-,-,-,-,-,-,-,-,1
소계,강력범죄,살인기수,유혹,1,-,-,2,1,-,-,1,-,3,-,-
소계,강력범죄,살인기수,우발적,150,147,140,133,123,120,117,115,101,116,87,98
소계,강력범죄,살인기수,현실불만,18,15,10,16,16,18,13,21,22,11,15,13
소계,강력범죄,살인기수,부주의,3,2,1,3,2,4,4,-,2,3,1,2
소계,강력범죄,살인기수,기타,96,118,92,134,120,110,83,94,89,82,81,66
소계,강력범죄,살인기수,미상,79,77,68,102,79,69,78,78,94,91,83,85
소계,강력범죄,살인미수등,이욕,51,35,37,7,12,8,8,10,3,6,10,5
소계,강력범죄,살인미수등,사행심,3,-,-,-,-,-,-,-,-,-,-,-
소계,강력범죄,살인미수등,보복,1,-,2,5,4,7,8,2,9,4,6,4
소계,강력범죄,살인미수등,가정불화,60,44,46,43,57,40,41,36,43,35,34,29
소계,강력범죄,살인미수등,호기심,-,-,-,-,-,-,-,-,-,-,-,1
소계,강력범죄,살인미수등,유혹,-,1,-,-,1,-,-,1,-,-,-,-
소계,강력범죄,살인미수등,우발적,359,255,265,213,224,257,240,258,215,189,159,172
소계,강력범죄,살인미수등,현실불만,66,38,36,38,40,42,31,29,28,33,24,29
소계,강력범죄,살인미수등,부주의,4,3,4,7,6,5,-,1,3,6,1,3
소계,강력범죄,살인미수등,기타,190,183,178,192,180,189,174,117,139,99,117,120
소계,강력범죄,살인미수등,미상,102,51,52,70,62,68,59,62,85,82,58,66
소계,강력범죄,강도,이욕,2036,1457,1192,979,939,746,583,470,614,507,347,381
소계,강력범죄,강도,사행심,115,53,57,28,29,26,20,22,28,27,21,13
소계,강력범죄,강도,보복,1,1,3,4,1,3,2,3,-,1,-,-
소계,강력범죄,강도,가정불화,11,15,6,1,6,1,2,2,3,3,3,3
소계,강력범죄,강도,호기심,10,16,7,3,11,5,5,5,12,8,5,3
소계,강력범죄,강도,유혹,36,37,26,24,17,26,17,13,5,7,2,2
소계,강력범죄,강도,우발적,917,642,484,349,349,290,264,241,199,230,118,124
소계,강력범죄,강도,현실불만,50,27,21,16,16,20,16,11,5,3,3,7
소계,강력범죄,강도,부주의,43,16,21,15,17,13,9,4,10,8,2,3
소계,강력범죄,강도,기타,1173,805,552,482,459,427,400,205,240,196,153,155
소계,강력범죄,강도,미상,498,253,224,177,155,159,138,189,220,212,94,73
소계,강력범죄,강간·강제추행,이욕,1038,1028,-,-,-,-,-,-,-,-,-,-
소계,강력범죄,강간·강제추행,사행심,25,22,-,-,-,-,-,-,-,-,-,-
소계,강력범죄,강간·강제추행,보복,7,4,-,-,-,-,-,-,-,-,-,-
소계,강력범죄,강간·강제추행,가정불화,25,30,-,-,-,-,-,-,-,-,-,-
소계,강력범죄,강간·강제추행,호기심,1211,1026,-,-,-,-,-,-,-,-,-,-
소계,강력범죄,강간·강제추행,유혹,890,974,-,-,-,-,-,-,-,-,-,-
소계,강력범죄,강간·강제추행,우발적,5706,5868,-,-,-,-,-,-,-,-,-,-
소계,강력범죄,강간·강제추행,현실불만,79,74,-,-,-,-,-,-,-,-,-,-
소계,강력범죄,강간·강제추행,부주의,292,260,-,-,-,-,-,-,-,-,-,-
소계,강력범죄,강간·강제추행,기타,3975,4614,-,-,-,-,-,-,-,-,-,-
소계,강력범죄,강간·강제추행,미상,4404,4112,-,-,-,-,-,-,-,-,-,-
소계,강력범죄,강간,이욕,-,-,335,240,232,266,230,212,233,227,171,173
소계,강력범죄,강간,사행심,-,-,8,10,10,5,4,10,11,23,22,17
소계,강력범죄,강간,보복,-,-,10,3,2,1,3,2,-,2,1,3
소계,강력범죄,강간,가정불화,-,-,20,21,33,40,51,35,38,34,33,17
소계,강력범죄,강간,호기심,-,-,286,312,244,256,269,180,194,190,169,199
소계,강력범죄,강간,유혹,-,-,383,307,242,267,289,237,216,189,249,196
소계,강력범죄,강간,우발적,-,-,1717,1499,1432,1410,1490,1562,1556,1517,1390,1349
소계,강력범죄,강간,현실불만,-,-,27,22,27,35,28,15,15,15,12,8
소계,강력범죄,강간,부주의,-,-,65,59,54,66,61,58,45,59,55,60
소계,강력범죄,강간,기타,-,-,1593,1750,1859,1800,1716,1427,1573,1601,1627,1560
소계,강력범죄,강간,미상,-,-,1412,1294,1486,1683,1802,2209,2257,2256,1864,2024
소계,강력범죄,유사강간,이욕,-,-,6,18,16,23,19,31,35,36,20,18
소계,강력범죄,유사강간,사행심,-,-,-,-,1,-,-,4,2,8,3,4
소계,강력범죄,유사강간,보복,-,-,-,-,-,-,-,1,-,-,-,-
소계,강력범죄,유사강간,가정불화,-,-,1,1,6,6,7,4,6,4,3,4
소계,강력범죄,유사강간,호기심,-,-,20,43,60,53,65,40,57,40,46,51
소계,강력범죄,유사강간,유혹,-,-,6,15,24,26,23,38,34,40,30,25
소계,강력범죄,유사강간,우발적,-,-,42,110,163,187,219,305,292,299,277,321
소계,강력범죄,유사강간,현실불만,-,-,3,2,1,-,2,-,1,2,-,1
소계,강력범죄,유사강간,부주의,-,-,4,5,4,9,9,10,13,10,7,12
소계,강력범죄,유사강간,기타,-,-,42,141,153,188,226,228,230,259,249,285
소계,강력범죄,유사강간,미상,-,-,12,54,107,106,124,187,225,236,199,196
소계,강력범죄,강제추행,이욕,-,-,403,323,373,345,350,375,437,348,275,265
소계,강력범죄,강제추행,사행심,-,-,15,14,11,15,19,25,44,44,41,42
소계,강력범죄,강제추행,보복,-,-,4,-,-,1,2,1,1,-,1,-
소계,강력범죄,강제추행,가정불화,-,-,18,13,16,28,21,28,26,29,21,20
소계,강력범죄,강제추행,호기심,-,-,978,1200,1254,1275,1213,750,796,643,519,551
소계,강력범죄,강제추행,유혹,-,-,564,485,462,492,464,456,455,394,304,285
소계,강력범죄,강제추행,우발적,-,-,4765,4724,4941,5423,6465,6946,6730,6259,5238,5713
소계,강력범죄,강제추행,현실불만,-,-,33,55,45,63,52,34,17,12,15,12
소계,강력범죄,강제추행,부주의,-,-,242,366,400,526,619,506,614,492,414,459
소계,강력범죄,강제추행,기타,-,-,3468,4537,5083,5495,6010,5007,5098,4596,4331,4798
소계,강력범죄,강제추행,미상,-,-,2006,1683,1903,2353,3057,3503,3674,3565,2723,3429
소계,강력범죄,기타 강간·강제추행등,이욕,-,-,180,89,49,44,28,32,41,19,21,12
소계,강력범죄,기타 강간·강제추행등,사행심,-,-,6,2,3,-,-,2,-,4,1,5
소계,강력범죄,기타 강간·강제추행등,보복,-,-,1,-,-,-,-,-,-,-,-,-
소계,강력범죄,기타 강간·강제추행등,가정불화,-,-,5,-,2,5,5,3,2,2,2,2
소계,강력범죄,기타 강간·강제추행등,호기심,-,-,139,99,51,34,20,23,33,15,11,14
소계,강력범죄,기타 강간·강제추행등,유혹,-,-,139,69,32,26,16,14,25,16,11,17
소계,강력범죄,기타 강간·강제추행등,우발적,-,-,614,341,199,156,112,164,162,99,82,93
소계,강력범죄,기타 강간·강제추행등,현실불만,-,-,9,13,13,3,7,-,1,1,2,2
소계,강력범죄,기타 강간·강제추행등,부주의,-,-,37,13,9,2,8,11,11,7,1,2
소계,강력범죄,기타 강간·강제추행등,기타,-,-,577,421,218,199,141,124,142,119,100,87
소계,강력범죄,기타 강간·강제추행등,미상,-,-,180,146,110,52,34,85,78,67,40,49
소계,강력범죄,방화,이욕,71,76,73,20,43,23,22,24,21,17,15,21
소계,강력범죄,방화,사행심,2,2,1,1,-,-,-,-,2,-,1,2
소계,강력범죄,방화,보복,1,1,2,6,2,6,4,4,8,7,2,3
소계,강력범죄,방화,가정불화,136,97,112,120,130,110,90,69,64,62,53,40
소계,강력범죄,방화,호기심,45,62,64,81,40,54,73,23,25,32,39,46
소계,강력범죄,방화,유혹,3,-,2,3,-,3,2,2,-,-,-,-
소계,강력범죄,방화,우발적,576,547,544,595,588,500,467,633,546,519,406,511
소계,강력범죄,방화,현실불만,137,124,143,136,123,120,113,109,85,81,59,72
소계,강력범죄,방화,부주의,38,40,44,41,41,60,30,41,40,46,38,32
소계,강력범죄,방화,기타,345,343,308,358,423,386,342,302,301,247,244,279
소계,강력범죄,방화,미상,165,107,93,105,127,134,143,180,225,185,91,140
소계,절도범죄,소계,이욕,31921,29688,29445,26909,30625,30853,30220,24897,25109,24558,22226,22698
소계,절도범죄,소계,사행심,2065,2023,1906,1650,1724,1600,1729,1729,1802,1854,1607,1926
소계,절도범죄,소계,보복,19,12,10,4,3,7,2,1,5,2,6,2
소계,절도범죄,소계,가정불화,84,74,90,77,67,71,69,29,26,35,40,44
소계,절도범죄,소계,호기심,6923,5583,5299,4813,4882,4680,4274,1438,1474,2799,2756,2924
소계,절도범죄,소계,유혹,3246,3251,3168,2524,2304,2170,2112,1254,1171,1070,1113,1215
소계,절도범죄,소계,우발적,30259,29104,29030,26840,28057,29117,29487,29707,31717,31334,28832,32060
소계,절도범죄,소계,현실불만,472,304,356,272,275,295,278,184,194,180,144,161
소계,절도범죄,소계,부주의,2912,2342,2512,2581,2465,3162,3422,3125,3351,3319,2961,3300
소계,절도범죄,소계,기타,23289,24599,23511,22556,24416,25513,24155,17838,18243,19012,17690,20420
소계,절도범죄,소계,미상,10200,7454,7331,7419,8348,8947,9947,17132,18203,14262,8312,9565
소계,폭력범죄,소계,이욕,11086,12391,7514,4131,3241,3236,2937,2456,2370,2517,2137,2061
소계,폭력범죄,소계,사행심,357,504,343,232,171,231,248,228,272,315,216,221
소계,폭력범죄,소계,보복,139,197,195,220,258,390,255,222,223,221,271,250
소계,폭력범죄,소계,가정불화,4382,4809,5819,5557,18260,23648,20337,18378,20583,17763,19454,16897
소계,폭력범죄,소계,호기심,377,484,391,358,450,542,507,258,267,434,716,662
소계,폭력범죄,소계,유혹,237,318,185,141,120,114,152,148,95,79,82,67
소계,폭력범죄,소계,우발적,181439,176834,163260,152406,143857,137411,132459,139455,142863,130940,118254,126189
소계,폭력범죄,소계,현실불만,6044,6221,5342,4631,4178,4155,3685,2764,2606,2293,1742,1746
소계,폭력범죄,소계,부주의,5007,4652,4429,4694,4358,4678,4343,3349,3263,2976,2789,2795
소계,폭력범죄,소계,기타,75255,87465,78140,76476,77308,78130,72377,53630,49315,47914,43767,46393
소계,폭력범죄,소계,미상,107719,106407,104295,109429,120522,128430,126211,128081,124704,108538,74801,77392
소계,폭력범죄,상해,이욕,1878,1770,1172,274,192,211,144,136,141,159,114,96
소계,폭력범죄,상해,사행심,27,42,48,26,14,23,24,24,14,16,14,15
소계,폭력범죄,상해,보복,25,18,9,10,29,52,55,32,31,43,47,22
소계,폭력범죄,상해,가정불화,1615,1666,1795,1545,3058,3951,3479,3041,2871,2375,2034,1606
소계,폭력범죄,상해,호기심,23,27,27,16,31,30,37,16,25,15,11,21
소계,폭력범죄,상해,유혹,9,17,22,14,12,9,16,7,7,4,1,3
소계,폭력범죄,상해,우발적,54777,50503,44536,39529,35153,36355,32751,32169,30468,27064,22954,21267
소계,폭력범죄,상해,현실불만,1490,1407,1154,917,810,903,723,504,484,398,261,241
소계,폭력범죄,상해,부주의,1269,1035,985,981,851,886,707,514,452,402,353,317
소계,폭력범죄,상해,기타,20302,22212,19870,18325,17011,18123,16090,10966,9303,8594,6752,6588
소계,폭력범죄,상해,미상,7723,6153,5588,5248,4898,5152,4825,5458,5058,4482,3047,3022
소계,폭력범죄,폭행,이욕,1965,2034,1600,374,225,327,250,258,208,289,243,304
소계,폭력범죄,폭행,사행심,37,51,37,25,27,38,34,36,43,49,38,54
소계,폭력범죄,폭행,보복,61,117,126,145,72,116,83,75,76,55,82,85
소계,폭력범죄,폭행,가정불화,1474,1724,2290,2347,10726,15349,12989,11642,12927,11057,12940,11297
소계,폭력범죄,폭행,호기심,33,45,34,35,39,120,88,58,41,60,59,67
소계,폭력범죄,폭행,유혹,27,24,22,21,16,25,27,18,11,11,14,14
소계,폭력범죄,폭행,우발적,55171,55814,56018,55239,55795,60254,60564,66700,69549,62885,57508,65059
소계,폭력범죄,폭행,현실불만,1677,1840,1560,1421,1439,1551,1479,1056,1037,868,608,690
소계,폭력범죄,폭행,부주의,1501,1383,1360,1573,1435,1716,1514,1124,1040,945,883,992
소계,폭력범죄,폭행,기타,21324,24953,23998,25015,27469,32459,30587,23598,21915,20902,19690,22087
소계,폭력범죄,폭행,미상,78512,79990,79292,84971,95065,104902,103130,100236,95863,81327,53569,55583
소계,폭력범죄,체포・감금,이욕,48,65,33,28,38,74,63,53,58,65,36,37
소계,폭력범죄,체포・감금,사행심,2,2,3,2,4,5,17,3,4,9,1,8
소계,폭력범죄,체포・감금,보복,-,-,1,-,4,5,2,4,2,3,1,3
소계,폭력범죄,체포・감금,가정불화,20,17,28,27,43,91,127,71,78,62,71,53
소계,폭력범죄,체포・감금,호기심,2,1,-,-,3,2,2,1,1,3,2,-
소계,폭력범죄,체포・감금,유혹,8,3,2,6,3,5,4,3,2,3,1,1
소계,폭력범죄,체포・감금,우발적,241,283,285,247,319,401,467,446,470,446,454,402
소계,폭력범죄,체포・감금,현실불만,15,17,20,21,12,37,23,17,16,17,17,5
소계,폭력범죄,체포・감금,부주의,25,10,23,18,21,19,22,22,7,26,15,14
소계,폭력범죄,체포・감금,기타,239,265,245,259,281,481,504,307,313,336,351,376
소계,폭력범죄,체포・감금,미상,369,450,446,510,498,567,680,681,703,725,572,533
소계,폭력범죄,협박,이욕,116,166,127,69,72,97,116,109,111,95,116,89
소계,폭력범죄,협박,사행심,2,10,4,-,4,7,4,4,6,14,14,7
소계,폭력범죄,협박,보복,11,11,8,11,76,90,90,89,95,71,113,96
소계,폭력범죄,협박,가정불화,61,115,89,109,731,1754,1600,1690,2154,1943,2140,1988
소계,폭력범죄,협박,호기심,9,16,18,16,25,35,22,21,29,30,19,18
소계,폭력범죄,협박,유혹,4,16,3,5,5,10,14,15,7,13,4,6
소계,폭력범죄,협박,우발적,1010,1255,1337,1364,2768,5558,5508,6832,8506,8737,9055,9520
소계,폭력범죄,협박,현실불만,95,123,86,89,152,285,279,212,254,217,249,217
소계,폭력범죄,협박,부주의,47,35,51,58,108,442,507,385,487,402,335,293
소계,폭력범죄,협박,기타,812,1047,984,1150,1906,4081,3851,3129,3495,3659,3796,3835
소계,폭력범죄,협박,미상,1688,1938,1975,2289,3350,4466,4608,5851,7233,7326,6182,6382
소계,폭력범죄,약취・유인,이욕,61,50,30,49,34,41,34,34,31,11,14,14
소계,폭력범죄,약취・유인,사행심,-,-,1,-,8,-,1,2,2,11,-,1
소계,폭력범죄,약취・유인,보복,-,-,-,-,-,-,-,-,-,-,-,-
소계,폭력범죄,약취・유인,가정불화,8,3,6,20,8,14,21,12,21,12,8,15
소계,폭력범죄,약취・유인,호기심,3,8,4,7,3,2,3,3,4,7,7,3
소계,폭력범죄,약취・유인,유혹,17,15,5,5,14,14,9,6,9,6,16,9
소계,폭력범죄,약취・유인,우발적,43,30,47,37,32,41,46,44,45,43,51,50
소계,폭력범죄,약취・유인,현실불만,5,6,2,2,-,-,-,-,4,2,-,2
소계,폭력범죄,약취・유인,부주의,5,-,5,2,9,3,7,1,4,4,3,11
소계,폭력범죄,약취・유인,기타,99,84,69,57,55,101,75,75,88,77,131,86
소계,폭력범죄,약취・유인,미상,99,74,91,73,89,89,89,83,143,123,88,130
소계,폭력범죄,폭력행위등,이욕,5134,5851,3174,2191,1648,1240,1035,867,800,815,618,617
소계,폭력범죄,폭력행위등,사행심,208,266,187,98,66,76,113,74,81,105,60,45
소계,폭력범죄,폭력행위등,보복,36,42,39,41,67,112,12,4,1,20,12,29
소계,폭력범죄,폭력행위등,가정불화,875,937,1174,1068,2318,401,235,186,167,123,125,103
소계,폭력범죄,폭력행위등,호기심,225,275,212,205,208,204,198,95,84,164,414,346
소계,폭력범죄,폭력행위등,유혹,123,181,96,55,44,20,50,67,28,21,29,15
소계,폭력범죄,폭력행위등,우발적,54270,52784,45785,40628,34716,19123,17367,15349,14136,12337,10203,10898
소계,폭력범죄,폭력행위등,현실불만,1834,1879,1672,1273,1055,511,332,332,205,198,127,160
소계,폭력범죄,폭력행위등,부주의,1394,1319,1127,1056,972,476,443,341,303,221,259,297
소계,폭력범죄,폭력행위등,기타,24449,29067,23760,21935,20803,11805,10580,7021,6087,5740,4886,5170
소계,폭력범죄,폭력행위등,미상,14875,13655,12632,11563,11105,6995,6282,7549,6733,5598,3793,3746
소계,폭력범죄,공갈,이욕,1033,1640,777,915,751,953,980,714,760,762,684,614
소계,폭력범죄,공갈,사행심,67,116,47,63,39,66,43,57,93,68,59,63
소계,폭력범죄,공갈,보복,-,1,4,5,1,-,2,2,1,2,-,1
소계,폭력범죄,공갈,가정불화,11,1,4,6,6,6,19,5,7,6,14,9
소계,폭력범죄,공갈,호기심,48,51,41,21,33,22,39,7,19,23,25,30
소계,폭력범죄,공갈,유혹,33,51,27,28,13,20,24,22,20,13,7,12
소계,폭력범죄,공갈,우발적,603,969,536,559,354,480,478,387,390,483,441,495
소계,폭력범죄,공갈,현실불만,37,76,41,60,12,38,30,20,14,20,19,25
소계,폭력범죄,공갈,부주의,39,53,50,92,54,40,57,33,28,35,36,28
소계,폭력범죄,공갈,기타,1082,1769,939,1069,817,1038,941,724,688,719,679,612
소계,폭력범죄,공갈,미상,833,728,723,856,850,975,960,1550,1532,1303,811,865
소계,폭력범죄,손괴,이욕,851,815,601,231,281,293,315,285,261,321,312,290
소계,폭력범죄,손괴,사행심,14,17,16,18,9,16,12,28,29,43,30,28
소계,폭력범죄,손괴,보복,6,8,8,8,9,15,11,16,17,27,16,14
소계,폭력범죄,손괴,가정불화,318,346,433,435,1370,2082,1867,1731,2358,2185,2122,1826
소계,폭력범죄,손괴,호기심,34,61,55,58,108,127,118,57,64,132,179,177
소계,폭력범죄,손괴,유혹,16,11,8,7,13,11,8,10,11,8,10,7
소계,폭력범죄,손괴,우발적,15324,15196,14716,14803,14720,15199,15278,17528,19299,18945,17588,18498
소계,폭력범죄,손괴,현실불만,891,873,807,848,698,830,819,623,592,573,461,406
소계,폭력범죄,손괴,부주의,727,817,828,914,908,1096,1086,929,942,941,905,843
소계,폭력범죄,손괴,기타,6948,8068,8275,8666,8966,10042,9749,7810,7426,7887,7482,7639
소계,폭력범죄,손괴,미상,3620,3419,3548,3919,4667,5284,5637,6673,7439,7654,6739,7131
소계,지능범죄,소계,이욕,39033,34206,39340,42576,50067,51185,52625,56411,63060,64987,51130,51004
소계,지능범죄,소계,사행심,2641,3059,3058,2893,2895,3072,2966,4480,4979,4731,3668,3795
소계,지능범죄,소계,보복,46,20,13,25,16,1,5,2,3,-,1,4
소계,지능범죄,소계,가정불화,103,73,93,99,83,76,46,44,38,42,21,50
소계,지능범죄,소계,호기심,985,1342,1236,1209,1244,1544,1292,730,596,918,845,894
소계,지능범죄,소계,유혹,1088,1115,1340,1059,1093,1068,951,872,822,920,708,732
소계,지능범죄,소계,우발적,4909,4997,5595,5135,7883,9118,8949,11011,11895,12469,10020,11209
소계,지능범죄,소계,현실불만,270,245,256,238,224,243,187,164,168,149,82,114
소계,지능범죄,소계,부주의,6422,5680,5358,5972,5605,6024,6240,8110,9516,7893,5116,5158
소계,지능범죄,소계,기타,76417,78939,80951,80516,77817,72777,65398,63285,68702,67291,51490,51448
소계,지능범죄,소계,미상,197485,150567,166785,146377,147452,141917,130458,147005,149003,148306,87300,95292
소계,지능범죄,직무유기,이욕,21,9,8,3,5,4,1,3,3,1,-,2
소계,지능범죄,직무유기,사행심,-,-,2,-,-,-,-,-,-,-,-,-
소계,지능범죄,직무유기,보복,2,-,-,-,-,-,-,-,-,-,-,-
소계,지능범죄,직무유기,가정불화,1,-,-,-,-,-,-,-,-,-,-,-
소계,지능범죄,직무유기,호기심,-,-,-,1,-,-,-,-,-,-,-,-
소계,지능범죄,직무유기,유혹,-,-,-,-,-,-,1,-,-,-,-,-
소계,지능범죄,직무유기,우발적,-,-,1,2,1,1,1,1,3,2,8,2
소계,지능범죄,직무유기,현실불만,1,-,-,-,-,-,-,-,-,-,-,-
소계,지능범죄,직무유기,부주의,17,18,22,21,22,19,19,18,19,25,11,27
소계,지능범죄,직무유기,기타,153,165,131,116,135,131,94,62,68,49,87,24
소계,지능범죄,직무유기,미상,474,631,638,658,697,487,547,629,695,870,704,779
소계,지능범죄,직권남용,이욕,6,11,14,4,10,3,5,4,7,12,12,6
소계,지능범죄,직권남용,사행심,-,-,2,-,-,-,-,1,-,-,-,-
소계,지능범죄,직권남용,보복,-,-,-,-,-,-,-,-,-,-,-,2
소계,지능범죄,직권남용,가정불화,-,-,-,-,1,1,-,-,1,-,-,-
소계,지능범죄,직권남용,호기심,-,-,-,-,-,-,1,1,-,-,-,1
소계,지능범죄,직권남용,유혹,-,-,2,-,1,1,-,-,-,1,-,-
소계,지능범죄,직권남용,우발적,5,1,7,6,2,5,2,13,7,4,7,8
소계,지능범죄,직권남용,현실불만,-,-,-,-,-,-,-,-,1,-,-,-
소계,지능범죄,직권남용,부주의,14,12,6,13,4,6,16,18,25,16,8,9
소계,지능범죄,직권남용,기타,75,68,86,79,74,82,119,139,115,96,119,40
소계,지능범죄,직권남용,미상,257,317,406,493,495,479,536,635,818,892,711,954
소계,지능범죄,증수뢰,이욕,309,203,166,175,104,160,333,204,217,225,143,162
소계,지능범죄,증수뢰,사행심,9,1,13,30,8,40,11,11,26,6,7,10
소계,지능범죄,증수뢰,보복,1,-,1,-,-,-,-,-,-,-,-,-
소계,지능범죄,증수뢰,가정불화,-,-,1,-,1,-,-,1,-,-,-,-
소계,지능범죄,증수뢰,호기심,-,-,-,-,-,2,5,3,-,-,-,-
소계,지능범죄,증수뢰,유혹,13,10,21,12,21,31,40,6,8,5,3,4
소계,지능범죄,증수뢰,우발적,8,4,10,16,3,6,24,45,8,6,9,7
소계,지능범죄,증수뢰,현실불만,-,-,-,-,-,-,-,-,-,-,-,-
소계,지능범죄,증수뢰,부주의,24,21,13,48,10,15,42,120,23,28,7,11
소계,지능범죄,증수뢰,기타,658,422,452,374,467,362,425,422,404,253,211,200
소계,지능범죄,증수뢰,미상,217,171,178,193,228,172,248,319,256,284,271,309
소계,지능범죄,통화,이욕,30,46,59,37,55,43,79,46,28,14,12,8
소계,지능범죄,통화,사행심,2,-,4,1,1,13,-,2,2,-,-,-
소계,지능범죄,통화,보복,-,-,-,-,-,-,-,-,-,-,-,-
소계,지능범죄,통화,가정불화,-,-,1,-,-,-,-,-,-,-,-,-
소계,지능범죄,통화,호기심,7,6,7,3,11,4,2,2,3,2,-,1
소계,지능범죄,통화,유혹,10,2,-,2,-,-,2,-,-,-,-,-
소계,지능범죄,통화,우발적,3,5,3,3,6,2,5,1,1,-,-,1
소계,지능범죄,통화,현실불만,-,-,-,-,-,-,-,-,-,-,-,-
소계,지능범죄,통화,부주의,-,2,6,2,3,3,-,-,4,1,-,-
소계,지능범죄,통화,기타,35,44,48,41,28,28,52,24,18,10,11,6
소계,지능범죄,통화,미상,34,58,306,245,182,127,391,180,87,59,35,26
소계,지능범죄,문서・인장,이욕,2117,1654,1853,1813,1691,1822,1584,1298,1416,1337,1007,1128
소계,지능범죄,문서・인장,사행심,219,165,145,141,132,149,122,260,146,134,91,95
소계,지능범죄,문서・인장,보복,2,-,2,4,-,-,-,-,-,-,-,1
소계,지능범죄,문서・인장,가정불화,21,16,19,11,19,16,8,8,14,14,2,11
소계,지능범죄,문서・인장,호기심,423,684,549,508,480,596,537,179,195,264,218,185
소계,지능범죄,문서・인장,유혹,142,159,214,107,95,109,88,63,49,70,28,46
소계,지능범죄,문서・인장,우발적,470,489,492,457,479,431,380,384,380,432,328,437
소계,지능범죄,문서・인장,현실불만,40,28,15,21,19,16,14,7,14,5,6,5
소계,지능범죄,문서・인장,부주의,985,728,795,749,646,684,626,707,778,612,620,706
소계,지능범죄,문서・인장,기타,7225,6732,6792,6440,6283,5594,4619,3738,4012,3773,3186,3237
소계,지능범죄,문서・인장,미상,10461,8824,9530,9209,9178,8607,7940,8932,9249,8824,5955,6013
소계,지능범죄,유가증권인지,이욕,94,62,59,84,53,43,52,26,34,15,6,9
소계,지능범죄,유가증권인지,사행심,5,3,8,3,4,5,1,-,1,-,2,2
소계,지능범죄,유가증권인지,보복,-,-,-,-,-,-,-,-,-,-,-,-
소계,지능범죄,유가증권인지,가정불화,1,-,-,-,-,1,-,-,-,-,-,-
소계,지능범죄,유가증권인지,호기심,-,-,-,-,-,-,-,1,1,-,-,-
소계,지능범죄,유가증권인지,유혹,3,-,1,-,-,1,-,-,2,-,-,-
소계,지능범죄,유가증권인지,우발적,6,3,3,2,5,5,3,1,2,-,-,2
소계,지능범죄,유가증권인지,현실불만,-,-,-,3,-,-,-,-,-,-,-,-
소계,지능범죄,유가증권인지,부주의,15,11,7,8,7,3,4,2,2,2,-,2
소계,지능범죄,유가증권인지,기타,202,153,107,126,97,81,81,54,28,26,19,11
소계,지능범죄,유가증권인지,미상,699,401,363,326,233,234,189,211,138,74,41,52
소계,지능범죄,사기,이욕,32189,28327,32199,35328,41790,42581,43558,48581,54950,56910,44998,44391
소계,지능범죄,사기,사행심,2096,2520,2423,2152,2322,2470,2436,3677,4217,4049,3128,3241
소계,지능범죄,사기,보복,33,17,9,19,9,1,2,2,2,-,1,1
소계,지능범죄,사기,가정불화,64,47,62,75,48,49,29,27,15,22,16,34
소계,지능범죄,사기,호기심,255,292,308,357,336,454,254,291,156,311,268,278
소계,지능범죄,사기,유혹,672,664,791,703,676,622,601,590,566,651,504,479
소계,지능범죄,사기,우발적,2948,3195,3201,3184,4653,5290,4817,5968,6372,6496,4621,5019
소계,지능범죄,사기,현실불만,205,193,218,183,188,195,163,136,141,129,57,92
소계,지능범죄,사기,부주의,4679,4075,3642,4273,4034,4227,4434,5909,7422,6002,3484,3343
소계,지능범죄,사기,기타,58584,60689,61635,61247,59120,55702,50032,49978,55488,54421,40617,40391
소계,지능범죄,사기,미상,162909,120868,134821,114652,115029,111619,102156,114695,116831,116018,65142,72259
소계,지능범죄,횡령,이욕,3612,3393,4322,4275,5623,5822,6005,5451,5614,5796,4473,4917
소계,지능범죄,횡령,사행심,280,341,414,464,359,374,374,484,543,483,411,426
소계,지능범죄,횡령,보복,6,3,1,2,7,-,2,-,1,-,-,-
소계,지능범죄,횡령,가정불화,11,10,9,12,13,7,9,8,8,6,3,5
소계,지능범죄,횡령,호기심,300,358,372,337,417,487,490,250,241,341,358,429
소계,지능범죄,횡령,유혹,221,264,277,208,276,285,200,201,189,187,163,198
소계,지능범죄,횡령,우발적,1431,1273,1839,1435,2692,3346,3659,4536,5074,5465,5025,5707
소계,지능범죄,횡령,현실불만,19,23,22,30,17,29,10,20,10,15,18,15
소계,지능범죄,횡령,부주의,558,668,706,705,720,904,946,1123,1074,1032,891,972
소계,지능범죄,횡령,기타,7706,8697,9599,9375,9708,9008,8262,7327,7226,7380,6148,6620
소계,지능범죄,횡령,미상,17245,14477,15162,15132,16113,15321,13623,15870,15183,15225,10480,10717
소계,지능범죄,배임,이욕,655,501,660,857,736,707,1008,798,791,677,479,381
소계,지능범죄,배임,사행심,30,29,47,102,69,21,22,45,44,59,29,21
소계,지능범죄,배임,보복,2,-,-,-,-,-,1,-,-,-,-,-
소계,지능범죄,배임,가정불화,5,-,1,1,1,2,-,-,-,-,-,-
소계,지능범죄,배임,호기심,-,2,-,3,-,1,3,3,-,-,1,-
소계,지능범죄,배임,유혹,27,16,34,27,24,19,19,12,8,6,10,5
소계,지능범죄,배임,우발적,38,27,39,30,42,32,58,62,48,64,22,26
소계,지능범죄,배임,현실불만,5,1,1,1,-,3,-,1,2,-,1,2
소계,지능범죄,배임,부주의,130,145,161,153,159,163,153,213,169,175,95,88
소계,지능범죄,배임,기타,1779,1969,2101,2718,1905,1789,1714,1541,1343,1283,1092,919
소계,지능범죄,배임,미상,5189,4820,5381,5469,5297,4871,4828,5534,5746,6060,3961,4183
소계,풍속범죄,소계,이욕,8994,6972,6085,5063,5992,7447,5298,4671,5089,5051,3336,2760
소계,풍속범죄,소계,사행심,17651,13069,11595,11024,10196,12040,8618,7466,7587,6960,4377,3340
소계,풍속범죄,소계,보복,13,6,5,-,5,4,3,1,1,6,6,4
소계,풍속범죄,소계,가정불화,111,122,95,111,30,25,21,19,24,37,22,27
소계,풍속범죄,소계,호기심,3048,2488,3690,2960,3253,4532,3828,2778,3099,3651,3090,2844
소계,풍속범죄,소계,유혹,548,703,653,617,495,604,643,594,504,518,523,414
소계,풍속범죄,소계,우발적,3227,3167,3377,3109,3624,3596,3962,4343,4835,4772,5559,7556
소계,풍속범죄,소계,현실불만,45,69,49,74,62,70,85,65,63,70,64,98
소계,풍속범죄,소계,부주의,2000,2003,1803,1211,1171,937,759,734,772,741,605,611
소계,풍속범죄,소계,기타,19827,17879,16239,13429,12934,13261,9706,8252,8240,9097,8000,8427
소계,풍속범죄,소계,미상,5919,4427,4423,4096,3321,2633,2858,3260,3565,3768,3448,4910
소계,풍속범죄,성풍속범죄,이욕,1516,2038,2168,964,873,938,779,1334,1032,746,487,567
소계,풍속범죄,성풍속범죄,사행심,150,100,151,46,52,41,53,57,93,73,88,67
소계,풍속범죄,성풍속범죄,보복,1,2,5,-,5,4,3,1,1,6,6,4
소계,풍속범죄,성풍속범죄,가정불화,102,114,89,104,28,22,19,18,23,27,21,26
소계,풍속범죄,성풍속범죄,호기심,1910,1898,3213,2403,2733,2831,2839,2351,2288,2968,2721,2615
소계,풍속범죄,성풍속범죄,유혹,245,312,401,365,282,293,447,378,310,378,454,371
소계,풍속범죄,성풍속범죄,우발적,897,1051,1485,1434,1703,1980,2480,2971,3094,3209,4187,6529
소계,풍속범죄,성풍속범죄,현실불만,35,60,42,65,59,59,73,55,50,67,59,97
소계,풍속범죄,성풍속범죄,부주의,1124,1266,1146,629,481,470,447,385,342,366,368,449
소계,풍속범죄,성풍속범죄,기타,6137,6712,7040,5269,4123,3685,3585,3370,3300,3671,4104,4963
소계,풍속범죄,성풍속범죄,미상,3092,2768,2948,2666,1578,884,1321,1793,1940,2035,2054,3663
소계,풍속범죄,도박범죄,이욕,7478,4934,3917,4099,5119,6509,4519,3337,4057,4305,2849,2193
소계,풍속범죄,도박범죄,사행심,17501,12969,11444,10978,10144,11999,8565,7409,7494,6887,4289,3273
소계,풍속범죄,도박범죄,보복,12,4,-,-,-,-,-,-,-,-,-,-
소계,풍속범죄,도박범죄,가정불화,9,8,6,7,2,3,2,1,1,10,1,1
소계,풍속범죄,도박범죄,호기심,1138,590,477,557,520,1701,989,427,811,683,369,229
소계,풍속범죄,도박범죄,유혹,303,391,252,252,213,311,196,216,194,140,69,43
소계,풍속범죄,도박범죄,우발적,2330,2116,1892,1675,1921,1616,1482,1372,1741,1563,1372,1027
소계,풍속범죄,도박범죄,현실불만,10,9,7,9,3,11,12,10,13,3,5,1
소계,풍속범죄,도박범죄,부주의,876,737,657,582,690,467,312,349,430,375,237,162
소계,풍속범죄,도박범죄,기타,13690,11167,9199,8160,8811,9576,6121,4882,4940,5426,3896,3464
소계,풍속범죄,도박범죄,미상,2827,1659,1475,1430,1743,1749,1537,1467,1625,1733,1394,1247
소계,특별경제범죄,소계,이욕,12444,11603,8815,10121,10966,10293,11326,12467,13358,10654,6902,7290
소계,특별경제범죄,소계,사행심,385,507,507,444,476,669,501,634,834,553,345,364
소계,특별경제범죄,소계,보복,37,31,26,14,22,24,13,15,16,12,14,14
소계,특별경제범죄,소계,가정불화,68,75,87,98,66,57,53,41,41,40,27,19
소계,특별경제범죄,소계,호기심,863,720,546,460,585,312,308,113,102,114,79,105
소계,특별경제범죄,소계,유혹,139,194,219,283,284,198,189,224,219,144,97,87
소계,특별경제범죄,소계,우발적,7260,9002,9392,10194,11032,11257,10745,11936,12635,11326,8469,8984
소계,특별경제범죄,소계,현실불만,800,1206,870,965,850,854,779,582,668,534,389,425
소계,특별경제범죄,소계,부주의,6608,6816,4982,5566,5460,4204,4339,4626,5969,4075,2467,2442
소계,특별경제범죄,소계,기타,30850,33508,27836,30917,31094,26345,23549,22796,23701,20043,13504,13616
소계,특별경제범죄,소계,미상,32168,29765,30028,28586,29521,23456,20650,21914,21632,20409,14553,17327
소계,마약범죄,소계,이욕,513,317,385,188,332,448,519,424,659,673,684,776
소계,마약범죄,소계,사행심,31,19,13,17,26,38,48,67,77,87,83,104
소계,마약범죄,소계,보복,7,3,2,-,-,-,-,-,2,-,1,-
소계,마약범죄,소계,가정불화,18,6,9,9,10,12,16,12,23,19,13,11
소계,마약범죄,소계,호기심,412,399,395,528,670,884,914,612,1081,1207,1210,1492
소계,마약범죄,소계,유혹,865,758,875,903,1036,1228,1409,1209,1319,1217,965,1027
소계,마약범죄,소계,우발적,228,223,238,364,447,559,677,686,880,1067,995,1284
소계,마약범죄,소계,현실불만,52,39,86,34,96,106,129,108,141,155,137,149
소계,마약범죄,소계,부주의,246,336,403,192,441,603,591,717,716,970,615,757
소계,마약범죄,소계,기타,2188,2195,2228,2529,3137,3638,3326,3043,4012,5193,4420,5411
소계,마약범죄,소계,미상,849,436,415,500,718,927,883,799,965,1042,1050,937
소계,보건범죄,소계,이욕,5354,4055,5500,5054,5500,4943,4613,3878,4714,4629,6229,4856
소계,보건범죄,소계,사행심,103,140,251,111,117,135,152,148,175,170,339,468
소계,보건범죄,소계,보복,3,1,1,1,-,-,-,-,1,-,-,-
소계,보건범죄,소계,가정불화,4,6,6,6,9,5,7,-,3,3,4,10
소계,보건범죄,소계,호기심,6,5,8,19,25,19,64,8,23,13,138,151
소계,보건범죄,소계,유혹,34,56,43,42,26,33,47,27,22,33,416,315
소계,보건범죄,소계,우발적,341,225,323,296,298,412,429,767,672,724,2033,2857
소계,보건범죄,소계,현실불만,11,6,12,9,13,29,17,9,18,47,24,67
소계,보건범죄,소계,부주의,2154,2160,2947,2488,2227,2414,2320,2155,2167,3046,7541,12253
소계,보건범죄,소계,기타,10268,10661,11522,11505,9587,10832,8437,7058,7328,9358,17778,28652
소계,보건범죄,소계,미상,2167,2216,2433,2554,2919,2827,3044,2915,2901,3787,4441,7091
소계,환경범죄,소계,이욕,337,354,322,164,253,372,450,399,656,528,314,331
소계,환경범죄,소계,사행심,1,2,8,2,21,13,6,8,35,17,23,24
소계,환경범죄,소계,보복,1,-,1,-,1,-,-,-,-,-,-,-
소계,환경범죄,소계,가정불화,-,-,1,1,-,1,-,-,1,-,-,-
소계,환경범죄,소계,호기심,18,15,14,12,10,5,4,7,5,4,4,10
소계,환경범죄,소계,유혹,11,4,12,4,5,28,11,10,8,-,-,-
소계,환경범죄,소계,우발적,48,40,47,32,30,47,56,45,86,70,56,65
소계,환경범죄,소계,현실불만,3,3,1,1,4,4,5,1,8,3,-,2
소계,환경범죄,소계,부주의,778,761,1046,839,821,1066,1207,1220,1446,996,1085,1007
소계,환경범죄,소계,기타,1494,1610,1720,1680,1613,1807,2049,1738,2080,2039,1859,1743
소계,환경범죄,소계,미상,422,458,416,401,418,459,590,638,763,672,512,507
소계,교통범죄,소계,이욕,8251,7834,5529,1315,1089,1202,1146,992,652,603,592,585
소계,교통범죄,소계,사행심,187,76,196,189,199,136,89,233,255,254,251,196
소계,교통범죄,소계,보복,4,3,12,-,3,3,2,2,2,1,2,1
소계,교통범죄,소계,가정불화,233,174,209,192,162,160,120,88,89,86,74,76
소계,교통범죄,소계,호기심,1490,1535,1587,1387,1338,1622,1712,606,701,1426,1691,1546
소계,교통범죄,소계,유혹,2082,1767,1293,876,1300,1350,1198,730,469,488,408,464
소계,교통범죄,소계,우발적,39267,33334,33785,30450,29908,28692,26044,25804,24602,25588,24994,28405
소계,교통범죄,소계,현실불만,167,139,308,347,236,299,102,108,70,78,127,103
소계,교통범죄,소계,부주의,187583,182010,186010,184435,186037,179206,160586,137464,124880,112601,102147,99616
소계,교통범죄,소계,기타,169746,165428,182156,174684,168770,174876,147899,109571,85838,79180,73290,76020
소계,교통범죄,소계,미상,115340,119776,125671,139251,160332,167806,145654,137549,146159,136141,107656,33204
소계,노동범죄,소계,이욕,855,708,857,711,918,2188,1885,693,324,161,134,176
소계,노동범죄,소계,사행심,47,30,47,12,22,16,40,43,7,7,6,5
소계,노동범죄,소계,보복,1,-,-,-,-,-,-,-,-,-,-,-
소계,노동범죄,소계,가정불화,-,2,3,1,-,3,2,1,-,-,-,1
소계,노동범죄,소계,호기심,-,5,-,-,2,2,-,-,-,-,2,-
소계,노동범죄,소계,유혹,8,10,16,6,15,57,13,4,1,-,2,-
소계,노동범죄,소계,우발적,33,19,20,32,40,143,53,49,20,10,9,12
소계,노동범죄,소계,현실불만,-,3,-,-,1,-,-,1,1,-,-,-
소계,노동범죄,소계,부주의,135,140,113,138,139,261,379,223,80,60,83,79
소계,노동범죄,소계,기타,1244,1251,1034,956,1028,2779,2117,819,261,242,333,244
소계,노동범죄,소계,미상,318,210,219,275,230,411,475,240,171,133,101,100
소계,안보범죄,소계,이욕,16,20,10,-,7,21,78,61,287,346,284,261
소계,안보범죄,소계,사행심,-,-,-,-,1,1,2,7,7,10,13,18
소계,안보범죄,소계,보복,1,1,-,-,-,-,-,-,-,-,-,-
소계,안보범죄,소계,가정불화,-,-,-,-,-,-,-,-,-,-,-,-
소계,안보범죄,소계,호기심,4,4,-,-,-,3,4,-,1,2,-,-
소계,안보범죄,소계,유혹,-,-,-,-,-,-,12,7,-,18,2,-
소계,안보범죄,소계,우발적,5,4,6,1,7,2,4,4,6,10,7,2
소계,안보범죄,소계,현실불만,29,23,14,13,7,8,13,6,7,4,8,8
소계,안보범죄,소계,부주의,1,-,1,2,-,1,-,2,10,5,1,3
소계,안보범죄,소계,기타,56,56,91,48,122,41,98,49,142,206,205,321
소계,안보범죄,소계,미상,48,18,30,26,30,74,40,51,85,77,219,69
소계,선거범죄,소계,이욕,43,206,28,85,59,62,18,125,82,53,14,170
소계,선거범죄,소계,사행심,1,-,-,4,3,-,-,11,-,5,-,6
소계,선거범죄,소계,보복,-,2,-,-,-,2,-,-,-,-,-,-
소계,선거범죄,소계,가정불화,-,1,1,-,-,-,-,2,-,1,-,-
소계,선거범죄,소계,호기심,-,7,13,3,4,2,22,8,-,3,1,34
소계,선거범죄,소계,유혹,-,15,1,8,4,3,7,6,13,1,-,1
소계,선거범죄,소계,우발적,2,70,19,87,29,68,114,171,131,108,25,328
소계,선거범죄,소계,현실불만,2,43,7,21,10,21,45,31,4,45,8,41
소계,선거범죄,소계,부주의,37,128,46,233,79,89,83,448,65,78,30,350
소계,선거범죄,소계,기타,237,948,208,1588,724,823,352,1462,548,664,102,1562
소계,선거범죄,소계,미상,78,435,86,771,209,455,146,1016,337,587,132,1275
소계,병역범죄,소계,이욕,1174,1196,1157,336,379,292,315,288,240,71,33,76
소계,병역범죄,소계,사행심,4,7,8,7,11,7,7,13,10,6,-,3
소계,병역범죄,소계,보복,1,3,-,5,-,-,-,-,-,-,-,-
소계,병역범죄,소계,가정불화,29,35,56,36,39,35,26,19,18,6,3,11
소계,병역범죄,소계,호기심,2,2,1,1,5,5,5,4,2,-,-,-
소계,병역범죄,소계,유혹,2,6,7,11,11,1,2,3,2,3,1,2
소계,병역범죄,소계,우발적,160,205,305,307,274,215,187,269,247,89,50,110
소계,병역범죄,소계,현실불만,58,50,55,34,53,46,49,64,55,31,20,31
소계,병역범죄,소계,부주의,3172,3666,5131,4376,4219,3884,4148,4191,4049,827,337,1279
소계,병역범죄,소계,기타,10536,11959,14656,12591,12466,10510,9237,7788,6626,1844,853,2266
소계,병역범죄,소계,미상,7614,1230,1824,819,784,664,598,615,560,287,98,131
소계,기타범죄,소계,이욕,33937,28231,27138,27404,28575,35303,32312,26807,26156,21189,16827,16219
소계,기타범죄,소계,사행심,3284,2677,2686,2822,2406,2391,1912,1904,2538,1840,1440,1285
소계,기타범죄,소계,보복,62,51,47,58,54,46,50,39,28,62,64,77
소계,기타범죄,소계,가정불화,430,455,541,554,849,1366,1532,1471,1793,1911,3375,3079
소계,기타범죄,소계,호기심,4152,2537,2662,2565,2049,5794,3087,1801,1907,1868,2117,2457
소계,기타범죄,소계,유혹,2245,1660,1246,1185,1119,1981,1256,955,920,700,615,986
소계,기타범죄,소계,우발적,17608,18745,20164,22770,23164,26636,24164,27303,30075,29845,31183,35400
소계,기타범죄,소계,현실불만,1959,1969,2166,2296,2170,2447,2084,1678,1781,1716,1452,1592
소계,기타범죄,소계,부주의,21937,20952,23102,24235,24636,36982,33591,29874,31793,29927,26603,27378
소계,기타범죄,소계,기타,91557,87443,86771,95083,97797,126756,104735,81284,80290,77958,74596,75090
소계,기타범죄,소계,미상,47610,43712,47001,51882,58928,71168,68107,73907,78719,77523,62926,69850
