대분류,중분루,소분류,피해자와의 관계별,1994,1995,1996,1997,1998,1999,2000,2001,2002,2003,2004,2005,2006,2007,2008,2009,2010
총범죄,소계,소계,국 가,417308,428798,446170,564718,666264,601369,556851,664675,721293,683589,815824,645156,625040,729496,830739,727722,561090
총범죄,소계,소계,공무원,4819,5159,4819,3062,3058,3850,3515,3964,4306,4571,5718,5254,5589,7417,9478,10274,9052
총범죄,소계,소계,고용자,7125,7101,7564,7425,9200,11016,10148,10308,10886,10683,13711,11589,10358,10404,8938,9121,9822
총범죄,소계,소계,피고용자,5086,4636,4826,4740,5770,6140,6348,6349,6217,6339,7631,6027,5736,5342,4855,4798,4177
총범죄,소계,소계,직장동료,15810,13404,13485,12262,11796,14894,16274,15497,14283,14091,18567,16877,16503,16097,16365,17268,13980
총범죄,소계,소계,친 구,11594,10734,10866,10724,12006,13970,14233,13770,12217,12153,20248,17060,16541,17710,19255,22121,17580
총범죄,소계,소계,애 인,5635,5399,5901,5724,7168,9327,10629,12172,12116,12302,14934,12806,12621,13413,13682,14119,12557
총범죄,소계,소계,동거친족,10911,9934,9661,8581,13512,24920,256025,26282,22985,25731,23874,20725,18198,18179,17484,16381,12747
총범죄,소계,소계,기타친족,6550,6006,5864,5945,7404,10177,10395,10168,8698,9119,10812,9538,9261,8650,8634,7998,7477
총범죄,소계,소계,거래상대방,39139,55426,65631,59529,72945,74192,60023,58938,56497,58704,59111,46466,43931,40712,38656,43150,43720
총범죄,소계,소계,이 웃,26289,21886,20820,18602,22023,27155,27116,25517,21507,20756,22487,20592,18972,18392,18641,18808,21107
총범죄,소계,소계,지 인,50134,57811,64429,68961,81363,98553,92637,89060,78452,81969,72673,59432,54385,49553,46768,47775,35567
총범죄,소계,소계,타 인,613657,620847,662087,652037,677014,737068,780265,751797,684888,664293,629071,556523,559921,574556,581079,611545,524165
총범죄,소계,소계,기 타,209381,203018,229277,250045,273473,293527,282956,291677,288642,312910,553243,541781,595721,599624,718546,782635,713278
형법범,소계,소계,국 가,37600,37357,37502,43198,54763,68723,60069,62750,52696,44160,43423,41937,64100,54931,56842,75298,50830
형법범,소계,소계,공무원,3130,2330,2618,2645,2870,3657,3332,3772,4079,4345,5125,4773,5228,7058,8956,9781,8411
형법범,소계,소계,고용자,6858,6901,7321,7181,8907,10479,9676,9798,10494,10279,12906,11040,9873,9931,8472,8627,9423
형법범,소계,소계,피고용자,4869,4453,4600,4460,5505,5797,5886,5798,5620,5813,6515,5301,5018,4507,3961,3838,3717
형법범,소계,소계,직장동료,15147,12873,12942,11792,11352,14408,15719,14924,13814,13585,17654,16118,15696,15227,15490,16120,13316
형법범,소계,소계,친 구,10500,9641,9779,9799,11001,13074,13269,12881,11476,11455,18317,15832,14995,16061,17407,19911,16000
형법범,소계,소계,애 인,5493,5252,5732,5559,6992,9124,10405,11887,11860,12017,14540,12483,12199,12937,13171,13575,12054
형법범,소계,소계,동거친족,10083,9220,8864,7833,12527,23575,24665,25061,22038,24703,22855,19865,17356,17235,16530,15435,11975
형법범,소계,소계,기타친족,6104,5516,5421,52659,7040,9705,9936,9722,8347,8798,10301,9107,8854,8146,8066,7491,6969
형법범,소계,소계,거래상대방,34312,48481,58073,52659,63568,66553,54425,53510,51871,54099,52009,41514,39602,35671,32360,34600,38103
형법범,소계,소계,이 웃,25273,20862,19957,17728,21165,26222,26077,24571,20648,19937,21576,19830,18224,17595,17725,17955,20225
형법범,소계,소계,지 인,47326,54778,61388,65774,77960,95088,89275,85435,75378,78692,69952,57268,52111,47270,44266,45186,33940
형법범,소계,소계,타 인,288027,301890,318070,324868,370251,409223,431134,423639,392408,387331,393004,366909,370216,389700,386397,411461,350757
형법범,소계,소계,기 타,122518,123459,141480,151210,167306,191214,173853,177362,169581,191658,354933,358562,394108,395082,435132,485522,458737
형법범,강력범,소계,국 가,126,82,115,171,403,261,187,299,160,183,123,135,149,175,208,80,62
형법범,강력범,소계,공무원,15,7,8,18,23,21,7,7,5,9,17,19,19,27,32,18,22
형법범,강력범,소계,고용자,82,71,41,50,59,86,64,75,72,55,83,80,85,95,65,75,128
형법범,강력범,소계,피고용자,77,60,67,65,96,93,80,89,83,117,98,88,98,93,85,90,164
형법범,강력범,소계,직장동료,218,145,155,121,132,152,174,175,213,221,246,223,311,281,289,338,321
형법범,강력범,소계,친 구,233,133,86,101,115,146,145,130,136,146,252,213,243,302,295,370,604
형법범,강력범,소계,애 인,230,186,209,201,266,307,303,373,369,410,467,439,464,483,521,608,636
형법범,강력범,소계,동거친족,343,306,291,323,413,467,452,498,424,483,518,496,418,454,461,482,762
형법범,강력범,소계,기타친족,110,103,97,79,130,140,154,121,124,132,146,177,165,144,158,127,267
형법범,강력범,소계,거래상대방,160,85,106,110,165,192,175,138,164,215,143,141,162,148,156,191,218
형법범,강력범,소계,이 웃,612,469,433,402,422,447,389,325,310,290,345,300,309,312,295,320,701
형법범,강력범,소계,지 인,1140,994,1089,1172,1349,1482,1433,1441,1381,1422,1134,971,1067,1010,1059,1219,1340
형법범,강력범,소계,타 인,9387,7151,7371,8414,10175,9211,8792,7878,7440,8729,8574,7599,8540,8964,9492,10965,12947
형법범,강력범,소계,기 타,2421,1674,1864,2124,2554,2297,2047,1973,1894,2485,3547,3664,3957,4199,4849,6076,7814
형법범,강력범,살인,국 가,6,4,2,1,15,16,9,19,9,6,2,3,2,15,5,-,-
형법범,강력범,살인,공무원,1,2,-,3,3,4,2,2,-,-,4,-,8,5,1,2,1
형법범,강력범,살인,고용자,1,3,3,8,8,3,8,3,4,8,6,4,4,7,3,2,2
형법범,강력범,살인,피고용자,2,2,2,5,6,8,4,2,4,9,8,1,5,5,1,4,1
형법범,강력범,살인,직장동료,34,34,31,21,33,34,24,30,35,29,44,48,41,38,49,69,70
형법범,강력범,살인,친 구,32,27,21,23,25,29,34,37,35,38,51,39,56,53,49,74,68
형법범,강력범,살인,애 인,64,58,75,81,105,92,89,117,108,122,138,120,125,120,119,151,133
형법범,강력범,살인,동거친족,148,178,183,191,229,242,206,252,224,216,237,228,174,204,175,207,220
형법범,강력범,살인,기타친족,41,28,26,27,50,58,60,44,45,49,54,71,55,44,53,54,60
형법범,강력범,살인,거래상대방,11,6,5,7,15,27,7,12,11,9,6,9,8,10,9,5,13
형법범,강력범,살인,이 웃,40,30,30,34,43,39,55,40,34,41,58,49,50,55,58,65,64
형법범,강력범,살인,지 인,71,84,109,108,139,143,148,191,157,149,113,140,150,180,171,181,138
형법범,강력범,살인,타 인,171,165,183,216,227,261,257,274,218,227,222,235,266,268,296,359,312
형법범,강력범,살인,기 타,115,102,106,132,197,169,155,148,167,182,257,231,288,308,262,342,262
형법범,강력범,강도,국 가,54,20,19,53,97,86,44,53,34,35,22,18,37,41,67,1,-
형법범,강력범,강도,공무원,9,4,5,9,13,11,2,3,1,4,2,3,5,3,13,6,1
형법범,강력범,강도,고용자,17,11,7,15,10,8,12,10,14,8,16,18,30,26,6,21,25
형법범,강력범,강도,피고용자,9,4,9,7,7,8,15,10,8,19,13,14,17,12,14,12,25
형법범,강력범,강도,직장동료,21,13,15,6,12,16,18,14,29,47,50,25,38,56,39,74,22
형법범,강력범,강도,친 구,60,52,20,33,27,55,42,47,49,53,104,79,54,129,128,159,108
형법범,강력범,강도,애 인,10,11,4,6,15,18,25,33,43,63,45,45,43,61,75,100,70
형법범,강력범,강도,동거친족,8,6,3,5,19,20,15,21,12,26,13,13,10,9,11,17,19
형법범,강력범,강도,기타친족,7,7,12,6,23,16,29,12,17,18,14,22,28,19,19,15,18
형법범,강력범,강도,거래상대방,59,36,42,31,78,80,87,63,86,131,73,63,94,74,86,123,85
형법범,강력범,강도,이 웃,71,64,61,52,76,78,51,54,41,49,33,31,28,49,30,45,61
형법범,강력범,강도,지 인,204,151,127,213,238,286,277,300,358,468,341,201,207,251,238,357,205
형법범,강력범,강도,타 인,5475,4245,4093,5078,6649,5322,4903,4190,3978,4988,4504,3458,3645,3815,4267,5776,3632
형법범,강력범,강도,기 타,1050,702,681,880,1069,962,817,737,783,1061,1236,1094,949,926,1181,1847,1271
형법범,강력범,강간,국 가,-,12,30,58,87,75,51,73,27,30,12,23,34,26,27,-,-
형법범,강력범,강간,공무원,2,1,1,2,2,2,1,1,1,2,4,3,-,7,7,7,11
형법범,강력범,강간,고용자,49,35,22,15,28,58,33,40,36,25,39,40,34,40,38,34,85
형법범,강력범,강간,피고용자,55,50,50,49,67,71,61,70,67,81,64,66,68,65,62,63,133
형법범,강력범,강간,직장동료,154,93,107,92,80,97,126,128,117,137,140,139,220,171,187,180,216
형법범,강력범,강간,친 구,141,53,43,42,54,53,65,42,48,45,80,86,122,104,104,116,417
형법범,강력범,강간,애 인,131,89,102,84,110,151,153,168,161,160,187,184,217,212,226,272,371
형법범,강력범,강간,동거친족,70,32,24,27,32,28,32,18,21,19,21,21,24,26,20,31,329
형법범,강력범,강간,기타친족,43,43,35,22,38,36,25,24,17,19,13,22,17,22,24,18,132
형법범,강력범,강간,거래상대방,77,38,50,61,58,73,66,51,46,50,40,37,42,49,51,43,100
형법범,강력범,강간,이 웃,438,339,299,272,244,283,230,181,164,144,160,135,142,142,122,132,492
형법범,강력범,강간,지 인,829,714,791,778,877,961,915,848,765,687,591,529,615,512,568,604,944
형법범,강력범,강간,타 인,3549,2585,2902,2911,3050,3364,3310,3115,2953,3136,3427,3428,4098,4349,4317,4205,8459
형법범,강력범,강간,기 타,1110,737,917,940,1005,941,852,825,713,890,1703,1954,2451,2621,3079,3510,5957
형법범,강력범,방화,국 가,38,46,64,59,204,84,83,154,90,112,87,91,76,93,109,79,62
형법범,강력범,방화,공무원,3,-,2,4,5,4,2,1,3,3,7,13,6,12,11,3,9
형법범,강력범,방화,고용자,15,22,9,12,13,17,11,22,18,14,22,18,17,22,18,18,16
형법범,강력범,방화,피고용자,11,4,6,4,16,6,-,7,4,8,13,7,8,11,8,11,5
형법범,강력범,방화,직장동료,9,5,2,2,7,5,6,3,32,8,12,11,12,16,14,15,13
형법범,강력범,방화,친 구,-,1,2,3,9,9,4,4,4,10,17,9,11,16,14,21,11
형법범,강력범,방화,애 인,25,28,28,30,36,46,36,55,57,65,97,90,79,90,101,85,62
형법범,강력범,방화,동거친족,117,90,81,100,133,177,199,207,167,222,247,234,210,215,255,227,194
형법범,강력범,방화,기타친족,19,25,24,24,19,30,40,41,45,46,65,62,65,59,62,40,57
형법범,강력범,방화,거래상대방,13,5,9,11,14,12,15,12,21,25,24,32,18,15,10,20,20
형법범,강력범,방화,이 웃,63,36,43,44,59,47,53,50,71,56,94,85,89,66,85,78,84
형법범,강력범,방화,지 인,36,45,62,73,95,92,93,102,101,118,89,101,95,67,82,77,53
형법범,강력범,방화,타 인,192,156,193,209,249,264,322,299,291,378,421,478,531,532,612,625,544
형법범,강력범,방화,기 타,146,133,160,172,283,225,223,263,231,352,351,385,269,344,327,377,324
형법범,절도범,소계,국 가,430,365,505,837,1151,1180,743,856,572,693,304,439,511,719,764,951,915
형법범,절도범,소계,공무원,83,53,61,48,66,55,44,21,33,28,52,69,55,88,110,95,102
형법범,절도범,소계,고용자,839,800,760,770,883,968,1112,1075,1188,1226,1570,1657,1656,2172,2049,2356,2921
형법범,절도범,소계,피고용자,529,395,356,372,391,402,509,451,547,516,576,582,658,825,699,875,723
형법범,절도범,소계,직장동료,702,552,454,414,434,497,591,705,841,713,840,819,900,1043,1035,1371,1184
형법범,절도범,소계,친 구,806,662,569,536,758,866,877,924,1023,847,1150,1102,1098,1391,1627,2830,2248
형법범,절도범,소계,애 인,235,185,144,169,220,274,316,525,749,546,590,498,553,688,770,1090,1058
형법범,절도범,소계,동거친족,209,222,183,158,230,268,284,282,352,337,211,198,192,190,181,303,304
형법범,절도범,소계,기타친족,212,177,187,183,225,295,287,283,385,393,276,291,229,251,233,385,328
형법범,절도범,소계,거래상대방,770,767,725,762,1072,1208,933,922,987,976,891,746,816,735,811,1155,1513
형법범,절도범,소계,이 웃,1548,1072,933,781,1175,1101,1110,949,957,829,827,793,766,980,1041,1369,1652
형법범,절도범,소계,지 인,2290,2315,2394,2408,3242,3602,3545,3838,4271,3898,2961,2700,2900,3085,3108,4139,3348
형법범,절도범,소계,타 인,36936,37411,37695,40114,52410,46379,46482,40636,42262,40805,46368,50195,55372,66655,68786,88294,80075
형법범,절도범,소계,기 타,7782,7044,7064,8738,10937,9716,9249,8005,9477,9844,11782,12060,13309,14386,15104,20871,22739
형법범,폭력범,소계,국 가,4240,3819,4455,6086,9042,9913,6475,7645,4181,4509,1353,1525,1447,1589,1220,688,298
형법범,폭력범,소계,공무원,1391,966,962,959,1111,1282,1309,1398,1420,1468,1204,1016,744,700,621,630,485
형법범,폭력범,소계,고용자,1432,1125,1185,1037,1305,1499,1863,1653,1555,1510,1454,1387,1263,1248,1105,1072,1297
형법범,폭력범,소계,피고용자,1411,1173,1133,1102,1300,1495,1839,1871,1444,1531,1789,1854,1559,1410,1376,1217,1154
형법범,폭력범,소계,직장동료,10862,9100,9190,8210,7421,9763,10962,10252,9008,8919,11431,10743,10546,10219,10789,10716,9172
형법범,폭력범,소계,친 구,7105,6800,6960,7047,7278,8807,9286,8865,7247,7043,11213,10636,10491,11594,12748,13816,10886
형법범,폭력범,소계,애 인,3706,3582,4024,3937,5097,6952,8131,8979,8223,8366,10370,9556,9298,9923,10057,10097,8722
형법범,폭력범,소계,동거친족,4741,4296,4220,3912,8268,18805,19881,20379,17573,20201,19129,16955,14862,14898,14563,13290,9843
형법범,폭력범,소계,기타친족,3568,3154,3047,3082,4230,5872,6258,6143,4857,4936,6153,5679,5586,5420,5382,4951,4442
형법범,폭력범,소계,거래상대방,6613,6400,6196,6231,8516,10297,8923,8585,6940,7141,6339,5399,4995,4491,4293,4028,4784
형법범,폭력범,소계,이 웃,18118,14567,13776,12423,14736,17962,18408,17874,14754,14257,15274,14455,13381,12852,12997,12677,13787
형법범,폭력범,소계,지 인,25251,28332,31171,32149,37878,47943,49343,48410,39400,39828,32657,30219,28002,27061,26375,25649,19863
형법범,폭력범,소계,타 인,187377,190378,195402,202754,216603,255996,292142,288846,248393,236036,241261,228848,222196,231159,224728,217962,183673
형법범,폭력범,소계,기 타,56932,51372,54373,61092,64494,78467,82801,83035,71920,79918,92926,97493,105358,118070,128388,133952,130778
형법범,지능범,소계,국 가,3989,4206,4643,6116,10059,17742,7267,7700,6572,7062,8162,12556,15336,16984,18419,18456,17229
형법범,지능범,소계,공무원,107,86,68,104,115,709,126,78,85,65,214,264,231,241,216,259,301
형법범,지능범,소계,고용자,3546,4029,4571,4370,5425,6323,5171,5302,5580,6023,8362,5757,5255,4521,3854,3787,3588
형법범,지능범,소계,피고용자,2124,2143,2409,2184,2994,3034,2548,2411,2359,2639,3148,1946,1758,1318,1077,981,926
형법범,지능범,소계,직장동료,1824,1631,1710,1810,2236,2658,2453,2349,2241,2361,3323,2562,2284,1871,1772,1848,1266
형법범,지능범,소계,친 구,1949,1773,1933,1886,2620,2929,2614,2671,2834,3187,5072,3376,2665,2191,2080,2190,1716
형법범,지능범,소계,애 인,667,752,872,841,991,1133,1210,1527,2085,2302,2583,1593,1342,1170,1095,1095,1017
형법범,지능범,소계,동거친족,579,565,636,681,754,970,892,883,990,1121,982,710,606,533,458,453,374
형법범,지능범,소계,기타친족,1610,1561,1616,1704,1902,2681,2537,2459,2399,2738,2935,2316,2234,1641,1595,1438,1289
형법범,지능범,소계,거래상대방,25224,39562,49429,43534,51369,52007,41652,41409,41687,43885,42250,33190,31272,27905,24729,26743,28744
형법범,지능범,소계,이 웃,2807,2947,3132,2646,3329,4734,3823,3164,2533,2639,3123,2293,1789,1473,1281,1379,1588
형법범,지능범,소계,지 인,15547,19688,23358,26288,31697,36706,29754,26748,25877,29445,29494,20163,16819,12853,10636,10874,7286
형법범,지능범,소계,타 인,39392,51804,62756,58943,74370,78553,63765,66862,75743,83857,77657,61372,59244,54211,52900,60158,47083
형법범,지능범,소계,기 타,36600,45288,58871,58913,68631,75321,53956,58421,60456,74449,209447,207006,226654,215460,243050,271038,248238
형법범,풍속범,소계,국 가,24992,25070,23160,24736,27706,32978,39034,39151,33777,23794,28413,22566,41288,28193,28893,46882,26218
형법범,풍속범,소계,공무원,10,11,10,10,3,7,7,12,9,8,38,24,25,17,18,39,25
형법범,풍속범,소계,고용자,21,11,9,5,14,13,13,5,7,4,9,7,12,5,5,1,3
형법범,풍속범,소계,피고용자,26,13,16,11,11,26,17,23,7,15,13,11,32,19,8,31,8
형법범,풍속범,소계,직장동료,275,210,144,115,162,172,181,162,117,104,394,350,373,353,396,478,311
형법범,풍속범,소계,친 구,183,142,102,82,98,106,110,73,68,56,303,227,216,276,298,284,203
형법범,풍속범,소계,애 인,593,489,418,334,355,361,330,349,303,253,333,204,200,165,127,94,41
형법범,풍속범,소계,동거친족,3936,3616,3320,2560,2685,2779,2881,2742,2468,2287,1745,1282,1062,904,596,644,473
형법범,풍속범,소계,기타친족,140,108,115,110,134,113,129,131,108,112,163,98,99,83,77,63,57
형법범,풍속범,소계,거래상대방,162,179,141,118,156,193,286,181,157,91,77,96,126,94,99,124,96
형법범,풍속범,소계,이 웃,322,246,209,178,199,235,172,128,144,130,204,165,163,134,153,185,202
형법범,풍속범,소계,지 인,893,905,820,837,799,988,811,783,739,525,596,457,398,514,471,590,253
형법범,풍속범,소계,타 인,4131,4330,3738,3165,3776,3961,4874,4267,3851,3313,3067,2594,4795,3571,3624,4513,2170
형법범,풍속범,소계,기 타,10500,9904,10548,10453,9998,12725,13635,13502,13776,11785,15238,12944,15418,12249,11500,17759,13131
형법범,기타형법범,소계,국 가,3851,3815,4624,5252,6402,6649,6363,7099,7434,7919,5068,4716,5369,7271,7338,8241,6108
형법범,기타형법범,소계,공무원,1524,1207,1509,1506,1552,1583,1839,2256,2527,2767,3600,3381,4154,5985,7959,8740,7476
형법범,기타형법범,소계,고용자,938,865,755,949,1221,1590,1453,1688,2092,1461,1428,2152,1602,1890,1394,1336,1486
형법범,기타형법범,소계,피고용자,702,669,619,726,713,747,893,953,1180,995,891,820,913,842,716,644,742
형법범,기타형법범,소계,직장동료,1266,1235,1289,1122,967,1166,1358,1281,1394,1267,1420,1421,1282,1460,1209,1369,1062
형법범,기타형법범,소계,친 구,224,131,129,147,132,220,237,218,168,176,327,278,282,307,359,421,343
형법범,기타형법범,소계,애 인,62,58,65,77,63,97,115,134,131,140,197,193,342,508,601,591,580
형법범,기타형법범,소계,동거친족,275,215,214,19,177,286,275,277,231,274,270,224,216,256,271,263,219
형법범,기타형법범,소계,기타친족,464,413,359,413,419,604,571,585,474,487,628,546,541,607,621,527,586
형법범,기타형법범,소계,거래상대방,1383,1488,1476,1904,2290,2656,2456,2275,1936,1791,2309,1942,2231,2298,2272,2359,2748
형법범,기타형법범,소계,이 웃,1866,1561,1474,1298,1304,1743,2175,2131,1950,1792,1803,1824,1816,1844,1958,2025,2295
형법범,기타형법범,소계,지 인,2205,2544,2556,2920,2995,4367,4389,4215,3710,3574,3110,2758,2925,2747,2617,2715,1850
형법범,기타형법범,소계,타 인,10804,10816,11108,11478,12917,15123,15079,15150,14719,14591,16077,16301,20069,25140,26867,29569,24809
형법범,기타형법범,소계,기 타,8283,8177,8760,9890,10692,12688,12165,12426,12058,13177,21993,25395,29412,30718,32241,35826,36037
형법범,기타형법범,장물에 관한죄,국 가,136,144,185,199,437,456,380,261,251,178,173,297,260,559,352,481,479
형법범,기타형법범,장물에 관한죄,공무원,2,-,-,-,-,1,1,1,2,-,-,1,-,1,2,2,2
형법범,기타형법범,장물에 관한죄,고용자,4,3,3,2,4,8,10,4,10,1,6,2,9,22,2,2,10
형법범,기타형법범,장물에 관한죄,피고용자,1,3,2,3,3,2,4,2,3,-,3,5,5,5,1,15,1
형법범,기타형법범,장물에 관한죄,직장동료,8,3,4,-,11,2,3,2,3,-,4,2,11,-,7,5,5
형법범,기타형법범,장물에 관한죄,친 구,28,16,8,11,5,9,17,3,4,2,8,11,13,12,15,41,24
형법범,기타형법범,장물에 관한죄,애 인,-,-,1,-,1,1,-,1,1,-,1,-,2,1,2,-,-
형법범,기타형법범,장물에 관한죄,동거친족,1,2,-,1,1,1,1,2,-,-,-,-,1,-,1,5,5
형법범,기타형법범,장물에 관한죄,기타친족,3,1,-,1,2,1,3,1,2,2,-,2,1,-,-,-,1
형법범,기타형법범,장물에 관한죄,거래상대방,66,39,63,43,67,81,45,51,31,51,39,31,53,39,31,32,119
형법범,기타형법범,장물에 관한죄,이 웃,26,11,10,6,12,10,10,12,4,5,5,5,7,3,6,3,10
형법범,기타형법범,장물에 관한죄,지 인,44,55,45,55,50,69,57,65,38,28,20,37,25,24,32,23,22
형법범,기타형법범,장물에 관한죄,타 인,1316,1242,1203,1186,1920,2000,1666,1231,992,964,1242,1493,1848,2390,1462,2397,2691
형법범,기타형법범,장물에 관한죄,기 타,566,488,465,504,721,859,687,471,453,554,495,544,575,603,620,919,1124
형법범,기타형법범,특가법(장물),국 가,1,4,2,3,3,16,15,8,7,8,3,12,1,6,8,10,8
형법범,기타형법범,특가법(장물),공무원,-,-,-,-,-,-,-,-,-,-,-,-,-,1,-,-,-
형법범,기타형법범,특가법(장물),고용자,1,-,1,-,-,-,-,-,-,-,-,-,1,-,1,-,-
형법범,기타형법범,특가법(장물),피고용자,1,-,-,-,-,-,-,-,-,-,-,-,-,-,-,-,1
형법범,기타형법범,특가법(장물),직장동료,-,-,-,-,-,-,-,-,-,-,-,-,-,-,-,1,-
형법범,기타형법범,특가법(장물),친 구,-,-,-,-,-,-,-,-,-,-,-,2,-,-,-,-,1
형법범,기타형법범,특가법(장물),거래상대방,1,-,1,-,-,5,6,1,-,-,1,-,3,-,-,3,1
형법범,기타형법범,특가법(장물),이 웃,1,-,-,-,-,-,-,-,-,-,-,-,-,-,-,-,-
형법범,기타형법범,특가법(장물),지 인,3,-,1,-,-,2,-,-,1,1,-,-,-,-,-,1,-
형법범,기타형법범,특가법(장물),타 인,24,7,33,20,17,37,39,25,10,24,27,83,45,26,10,40,20
형법범,기타형법범,특가법(장물),기 타,6,5,6,8,28,19,23,14,7,26,17,26,16,11,4,13,20
형법범,기타형법범,내란의 죄,국 가,-,-,-,-,-,-,-,-,-,-,2,-,-,-,-,-,-
형법범,기타형법범,외환의 죄,국 가,-,-,-,-,1,-,-,6,1,-,-,-,-,-,-,-,-
형법범,기타형법범,외환의 죄,지 인,1,-,-,-,-,-,-,-,-,-,-,-,-,-,-,-,-
형법범,기타형법범,외환의 죄,타 인,-,-,-,-,-,1,-,1,-,-,-,-,-,-,-,-,-
형법범,기타형법범,외환의 죄,기 타,8,-,-,-,-,-,-,-,-,-,-,-,-,-,-,-,-
형법범,기타형법범,국기에 관한 죄,국 가,-,-,-,1,-,-,-,1,-,-,-,-,-,-,-,-,-
형법범,기타형법범,공안을 해하는 죄,국 가,6,4,15,7,24,24,12,4,7,3,8,2,20,2,10,4,3
형법범,기타형법범,공안을 해하는 죄,공무원,-,-,-,-,-,1,-,1,-,-,-,-,-,-,-,-,-
형법범,기타형법범,공안을 해하는 죄,피고용자,-,-,-,-,-,-,-,6,-,-,-,-,-,-,-,-,-
형법범,기타형법범,공안을 해하는 죄,직장동료,-,-,-,-,-,-,2,1,-,-,-,-,-,-,-,-,-
형법범,기타형법범,공안을 해하는 죄,친 구,2,-,-,-,-,-,-,1,-,-,-,-,-,1,-,-,-
형법범,기타형법범,공안을 해하는 죄,애 인,-,-,-,-,-,-,-,-,-,-,-,1,-,-,-,-,-
형법범,기타형법범,공안을 해하는 죄,기타친족,-,2,-,-,-,-,-,-,-,-,-,-,-,-,-,-,-
형법범,기타형법범,공안을 해하는 죄,거래상대방,2,3,-,-,1,2,2,6,1,-,2,1,2,2,-,-,-
형법범,기타형법범,공안을 해하는 죄,이 웃,1,-,-,1,-,-,-,-,-,-,-,-,-,-,-,-,-
형법범,기타형법범,공안을 해하는 죄,지 인,2,-,-,12,1,4,5,2,-,-,1,-,1,-,-,-,-
형법범,기타형법범,공안을 해하는 죄,타 인,28,36,24,57,29,43,34,32,39,33,22,25,18,21,15,8,11
형법범,기타형법범,공안을 해하는 죄,기 타,12,9,13,46,26,30,10,27,13,7,9,12,41,25,42,14,7
형법범,기타형법범,폭발물에 관한 죄,국 가,-,-,-,-,-,-,-,-,-,-,-,1,-,-,5,-,4
형법범,기타형법범,폭발물에 관한 죄,고용자,-,-,-,-,-,-,-,-,-,-,-,-,-,-,1,-,-
형법범,기타형법범,폭발물에 관한 죄,타 인,-,-,-,1,2,1,-,3,-,1,-,-,-,-,-,-,-
형법범,기타형법범,폭발물에 관한 죄,기 타,-,-,1,-,-,-,-,3,-,-,-,1,-,1,3,-,-
형법범,기타형법범,공무방해에 관한 죄,국 가,2157,2206,2705,3184,3584,3705,3558,4291,4683,4436,3333,3050,3604,4782,4888,5185,4088
형법범,기타형법범,공무방해에 관한 죄,공무원,1475,1176,1394,1461,1506,1517,1753,2204,2477,2664,3476,3247,4040,5361,6497,6523,5727
형법범,기타형법범,공무방해에 관한 죄,고용자,5,5,2,4,12,17,26,9,25,13,8,22,23,15,14,38,9
형법범,기타형법범,공무방해에 관한 죄,피고용자,6,4,9,10,19,15,17,9,14,17,17,11,7,20,14,16,12
형법범,기타형법범,공무방해에 관한 죄,직장동료,17,18,6,13,10,10,23,7,15,15,30,15,34,46,28,28,18
형법범,기타형법범,공무방해에 관한 죄,친 구,17,9,12,9,13,12,18,11,17,15,24,27,27,33,29,48,21
형법범,기타형법범,공무방해에 관한 죄,애 인,4,3,5,2,5,6,5,9,7,10,14,11,19,37,44,33,26
형법범,기타형법범,공무방해에 관한 죄,동거친족,10,5,2,1,9,15,18,8,17,29,19,28,29,47,47,44,27
형법범,기타형법범,공무방해에 관한 죄,기타친족,6,6,6,14,5,7,18,14,13,7,8,13,21,28,21,22,31
형법범,기타형법범,공무방해에 관한 죄,거래상대방,231,299,300,385,424,492,407,322,249,215,285,281,241,257,219,220,202
형법범,기타형법범,공무방해에 관한 죄,이 웃,20,31,29,15,29,31,26,24,16,18,39,33,29,50,41,36,38
형법범,기타형법범,공무방해에 관한 죄,지 인,130,163,159,185,247,301,243,169,149,155,174,117,143,128,130,122,77
형법범,기타형법범,공무방해에 관한 죄,타 인,1161,1083,1330,1469,1777,1760,2039,2140,2283,2163,3330,3227,3877,5334,5668,5451,3913
형법범,기타형법범,공무방해에 관한 죄,기 타,919,863,1044,1409,1530,1649,1353,1446,1331,1521,1977,1898,1958,2158,2238,2296,2075
형법범,기타형법범,도주와 도주원조죄,국 가,5,1,2,1,7,5,30,1,4,4,10,3,5,5,6,7,9
형법범,기타형법범,도주와 도주원조죄,공무원,-,-,-,1,-,-,-,1,-,-,-,-,-,1,-,-,-
형법범,기타형법범,도주와 도주원조죄,피고용자,1,-,-,-,-,-,-,-,-,-,-,-,-,-,-,-,-
형법범,기타형법범,도주와 도주원조죄,친 구,-,-,-,-,-,1,-,-,-,-,-,-,-,-,-,-,-
형법범,기타형법범,도주와 도주원조죄,애 인,-,-,-,-,-,1,-,-,-,-,-,-,-,1,-,-,-
형법범,기타형법범,도주와 도주원조죄,동거친족,-,-,-,-,1,-,-,-,-,-,-,-,-,-,-,-,-
형법범,기타형법범,도주와 도주원조죄,기타친족,-,-,-,-,-,-,-,-,-,-,-,1,-,-,-,-,-
형법범,기타형법범,도주와 도주원조죄,거래상대방,-,-,-,-,-,1,-,-,1,-,-,-,-,-,-,-,-
형법범,기타형법범,도주와 도주원조죄,이 웃,-,-,-,-,1,-,-,-,-,-,-,-,-,-,-,-,-
형법범,기타형법범,도주와 도주원조죄,지 인,-,-,-,-,-,-,-,-,-,-,-,-,1,-,-,-,-
형법범,기타형법범,도주와 도주원조죄,타 인,62,34,2,25,100,43,32,8,17,6,4,2,5,2,-,1,-
형법범,기타형법범,도주와 도주원조죄,기 타,11,1,6,1,3,55,120,70,83,100,-,3,-,7,1,4,1
형법범,기타형법범,범인은닉·범인도피죄,국 가,152,148,169,186,269,323,389,481,490,500,453,285,261,295,326,388,378
형법범,기타형법범,범인은닉·범인도피죄,공무원,2,4,-,1,1,3,4,3,7,4,1,1,3,6,1,1,3
형법범,기타형법범,범인은닉·범인도피죄,고용자,3,-,1,1,-,-,-,1,-,-,-,1,-,-,-,-,1
형법범,기타형법범,범인은닉·범인도피죄,피고용자,-,-,-,1,-,1,-,-,1,1,-,2,-,-,-,-,-
형법범,기타형법범,범인은닉·범인도피죄,직장동료,4,1,4,3,3,3,2,2,2,5,3,1,-,3,2,1,-
형법범,기타형법범,범인은닉·범인도피죄,친 구,11,6,4,8,7,7,10,7,4,3,8,4,4,2,1,2,4
형법범,기타형법범,범인은닉·범인도피죄,애 인,3,1,1,8,2,1,4,6,4,2,3,-,-,3,-,-,2
형법범,기타형법범,범인은닉·범인도피죄,동거친족,-,-,1,1,-,2,1,-,-,1,-,1,-,1,-,2,1
형법범,기타형법범,범인은닉·범인도피죄,기타친족,-,-,2,2,4,-,2,3,-,1,-,-,-,-,1,1,-
형법범,기타형법범,범인은닉·범인도피죄,거래상대방,1,-,1,1,6,5,2,1,5,5,2,2,2,1,2,4,1
형법범,기타형법범,범인은닉·범인도피죄,이 웃,-,-,1,2,2,1,3,1,1,1,-,-,1,1,-,-,1
형법범,기타형법범,범인은닉·범인도피죄,지 인,11,4,18,19,18,19,7,16,8,10,8,5,5,1,8,1,4
형법범,기타형법범,범인은닉·범인도피죄,타 인,189,223,269,284,311,267,264,322,299,283,250,117,109,102,86,99,89
형법범,기타형법범,범인은닉·범인도피죄,기 타,79,80,120,143,145,135,159,211,228,212,132,72,87,106,105,141,109
형법범,기타형법범,위증죄,국 가,294,356,342,410,484,635,589,579,507,423,203,179,152,141,161,163,166
형법범,기타형법범,위증죄,공무원,2,3,-,-,1,-,-,1,2,1,2,2,-,2,1,-,2
형법범,기타형법범,위증죄,고용자,3,6,4,6,4,7,6,6,9,3,7,10,5,7,16,-,5
형법범,기타형법범,위증죄,피고용자,9,5,4,2,3,4,7,3,6,5,5,1,1,4,3,-,3
형법범,기타형법범,위증죄,직장동료,30,16,20,15,18,25,34,28,13,21,31,30,18,19,19,16,19
형법범,기타형법범,위증죄,친 구,13,5,13,7,6,14,12,7,6,10,21,16,10,7,16,7,8
형법범,기타형법범,위증죄,애 인,1,3,3,-,-,7,2,2,2,5,2,3,-,-,4,2,4
형법범,기타형법범,위증죄,동거친족,18,16,11,22,12,12,12,7,6,8,3,12,1,3,5,4,-
형법범,기타형법범,위증죄,기타친족,129,128,93,81,97,120,95,93,60,69,89,51,42,59,49,30,36
형법범,기타형법범,위증죄,거래상대방,122,79,78,96,122,157,120,111,105,90,170,97,96,92,82,70,112
형법범,기타형법범,위증죄,이 웃,149,77,62,52,48,55,71,79,56,43,37,52,24,36,18,24,31
형법범,기타형법범,위증죄,지 인,288,296,260,263,278,416,406,301,265,219,223,163,148,97,85,77,69
형법범,기타형법범,위증죄,타 인,729,614,538,543,540,778,663,656,596,518,510,405,377,372,310,314,232
형법범,기타형법범,위증죄,기 타,669,580,563,671,652,811,867,763,688,691,1464,1669,1797,1940,2173,2376,2358
형법범,기타형법범,허위감정·증거인멸은닉·증인은닉죄,국 가,4,31,9,9,13,20,24,28,33,25,8,11,6,19,9,13,11
형법범,기타형법범,허위감정·증거인멸은닉·증인은닉죄,공무원,-,-,-,-,-,-,-,-,-,-,-,-,-,-,-,1,-
형법범,기타형법범,허위감정·증거인멸은닉·증인은닉죄,고용자,-,1,-,-,-,-,-,-,-,1,-,-,-,-,-,-,-
형법범,기타형법범,허위감정·증거인멸은닉·증인은닉죄,피고용자,-,-,-,1,-,2,-,-,-,5,-,-,-,-,-,-,-
형법범,기타형법범,허위감정·증거인멸은닉·증인은닉죄,직장동료,1,-,-,-,8,-,-,1,-,-,4,-,-,-,-,1,2
형법범,기타형법범,허위감정·증거인멸은닉·증인은닉죄,친 구,-,-,-,-,-,-,-,-,-,-,-,-,2,-,-,-,-
형법범,기타형법범,허위감정·증거인멸은닉·증인은닉죄,애 인,-,1,-,-,1,-,-,-,-,-,-,-,-,-,-,-,-
형법범,기타형법범,허위감정·증거인멸은닉·증인은닉죄,동거친족,-,-,-,-,-,-,1,1,-,3,-,-,-,-,-,-,-
형법범,기타형법범,허위감정·증거인멸은닉·증인은닉죄,기타친족,-,-,-,-,-,-,1,1,-,-,-,3,-,-,-,-,-
형법범,기타형법범,허위감정·증거인멸은닉·증인은닉죄,거래상대방,3,-,-,2,3,-,1,3,1,1,1,3,-,1,1,-,2
형법범,기타형법범,허위감정·증거인멸은닉·증인은닉죄,이 웃,2,2,1,-,1,-,-,9,-,4,-,-,-,-,-,-,3
형법범,기타형법범,허위감정·증거인멸은닉·증인은닉죄,지 인,-,1,4,-,1,8,4,1,1,7,6,-,1,1,2,1,-
형법범,기타형법범,허위감정·증거인멸은닉·증인은닉죄,타 인,33,47,19,22,18,32,21,22,26,5,8,8,8,14,12,13,9
형법범,기타형법범,허위감정·증거인멸은닉·증인은닉죄,기 타,18,26,13,11,14,5,22,13,21,18,21,27,61,40,27,43,72
형법범,기타형법범,무고의 죄,국 가,70,57,76,128,125,137,137,139,148,126,19,44,40,59,49,-,53
형법범,기타형법범,무고의 죄,공무원,6,2,2,3,8,7,8,7,6,8,11,21,7,7,8,13,9
형법범,기타형법범,무고의 죄,고용자,17,14,14,17,9,26,22,18,23,22,26,23,24,5,15,7,26
형법범,기타형법범,무고의 죄,피고용자,15,21,17,17,12,25,19,13,25,36,14,8,10,4,7,10,2
형법범,기타형법범,무고의 죄,직장동료,39,53,73,31,18,55,48,66,48,74,55,75,52,24,27,28,27
형법범,기타형법범,무고의 죄,친 구,16,4,11,15,9,20,19,20,12,16,23,21,13,25,17,6,13
형법범,기타형법범,무고의 죄,애 인,20,16,15,15,11,22,19,20,25,26,26,21,17,16,12,15,17
형법범,기타형법범,무고의 죄,동거친족,45,13,20,15,14,20,27,18,28,16,17,10,10,5,13,7,4
형법범,기타형법범,무고의 죄,기타친족,58,51,44,41,70,59,69,71,53,81,82,65,40,27,38,36,31
형법범,기타형법범,무고의 죄,거래상대방,112,138,98,106,129,169,198,161,142,152,176,124,105,94,105,94,119
형법범,기타형법범,무고의 죄,이 웃,155,119,173,88,92,139,205,145,145,130,93,96,87,56,27,63,57
형법범,기타형법범,무고의 죄,지 인,258,278,289,362,262,427,461,499,412,358,263,218,194,136,108,117,77
형법범,기타형법범,무고의 죄,타 인,529,447,436,529,527,788,750,765,762,673,526,570,441,307,325,360,302
형법범,기타형법범,무고의 죄,기 타,465,476,455,496,593,731,634,705,660,728,1762,1966,2287,2130,2359,2968,3005
형법범,기타형법범,특가법(무고),국 가,-,-,-,-,-,-,1,-,2,-,1,-,-,1,-,-,-
형법범,기타형법범,특가법(무고),거래상대방,-,-,-,-,-,-,-,1,-,-,-,-,-,-,-,-,-
형법범,기타형법범,특가법(무고),이 웃,-,-,-,-,-,-,-,-,-,-,-,-,-,1,-,-,-
형법범,기타형법범,특가법(무고),지 인,1,-,-,-,-,1,1,-,-,-,-,-,-,-,-,-,-
형법범,기타형법범,특가법(무고),타 인,1,-,-,-,1,1,-,3,3,1,5,9,-,3,-,-,-
형법범,기타형법범,특가법(무고),기 타,1,-,-,-,-,-,-,3,1,-,1,-,2,1,-,1,-
형법범,기타형법범,신앙에 관한 죄,국 가,8,7,3,7,6,8,7,17,-,-,1,5,3,16,4,15,5
형법범,기타형법범,신앙에 관한 죄,공무원,1,-,-,-,-,-,-,-,-,-,-,-,-,2,-,-,-
형법범,기타형법범,신앙에 관한 죄,고용자,-,-,-,-,-,-,-,-,-,-,-,-,-,1,1,-,-
형법범,기타형법범,신앙에 관한 죄,피고용자,-,-,-,-,-,1,-,-,1,-,-,-,1,1,-,-,-
형법범,기타형법범,신앙에 관한 죄,직장동료,-,-,-,-,1,1,-,-,-,4,4,-,1,-,-,-,1
형법범,기타형법범,신앙에 관한 죄,친 구,2,1,-,-,-,-,-,-,-,-,5,1,3,-,-,-,3
형법범,기타형법범,신앙에 관한 죄,애 인,-,-,-,-,-,-,-,-,1,-,-,-,-,-,-,2,1
형법범,기타형법범,신앙에 관한 죄,동거친족,2,2,3,4,2,2,1,2,2,6,2,3,3,3,-,3,2
형법범,기타형법범,신앙에 관한 죄,기타친족,16,14,26,21,9,24,13,22,22,17,33,27,46,44,23,22,27
형법범,기타형법범,신앙에 관한 죄,거래상대방,-,-,1,4,3,4,1,-,-,-,-,6,3,20,2,2,4
형법범,기타형법범,신앙에 관한 죄,이 웃,13,8,4,-,-,10,5,7,4,5,6,13,7,6,1,1,1
형법범,기타형법범,신앙에 관한 죄,지 인,12,58,16,18,7,30,26,64,18,21,14,32,21,15,17,16,12
형법범,기타형법범,신앙에 관한 죄,타 인,97,103,80,73,115,105,101,91,112,129,94,88,116,83,71,74,41
형법범,기타형법범,신앙에 관한 죄,기 타,103,41,93,145,69,109,95,126,129,247,366,285,335,426,243,312,318
형법범,기타형법범,실화 및 업무상실화죄,국 가,281,318,259,235,250,219,222,210,194,130,135,110,96,95,111,102,73
형법범,기타형법범,실화 및 업무상실화죄,공무원,-,1,1,1,1,1,5,3,-,2,-,1,2,2,1,3,2
형법범,기타형법범,실화 및 업무상실화죄,고용자,132,119,90,103,85,74,92,99,67,77,70,76,73,65,55,70,92
형법범,기타형법범,실화 및 업무상실화죄,피고용자,79,60,36,38,29,40,40,44,31,30,33,45,30,28,35,32,32
형법범,기타형법범,실화 및 업무상실화죄,직장동료,27,14,19,13,6,4,15,4,5,5,23,12,15,28,34,21,22
형법범,기타형법범,실화 및 업무상실화죄,친 구,8,11,11,7,8,4,6,11,-,7,6,6,4,5,7,7,5
형법범,기타형법범,실화 및 업무상실화죄,애 인,6,3,5,6,6,4,5,4,6,7,4,5,3,3,6,2,6
형법범,기타형법범,실화 및 업무상실화죄,동거친족,58,57,38,56,32,44,49,47,36,35,48,31,33,33,41,34,37
형법범,기타형법범,실화 및 업무상실화죄,기타친족,10,12,18,6,12,11,11,11,12,10,12,15,15,18,17,20,10
형법범,기타형법범,실화 및 업무상실화죄,거래상대방,33,34,35,41,30,33,34,37,37,35,31,40,28,31,23,25,34
형법범,기타형법범,실화 및 업무상실화죄,이 웃,176,120,111,95,78,92,128,96,92,60,99,93,86,95,114,113,93
형법범,기타형법범,실화 및 업무상실화죄,지 인,67,75,67,59,57,72,80,86,56,66,54,47,49,43,60,54,42
형법범,기타형법범,실화 및 업무상실화죄,타 인,386,396,436,354,277,291,392,402,349,311,356,368,395,444,422,515,390
형법범,기타형법범,실화 및 업무상실화죄,기 타,601,453,452,494,369,459,431,483,361,358,400,412,356,298,337,365,407
형법범,기타형법범,일수와 수리에 관한 죄,국 가,-,4,3,4,3,-,-,1,-,-,-,-,2,2,1,-,2
형법범,기타형법범,일수와 수리에 관한 죄,기타친족,-,-,-,-,-,-,1,-,-,-,-,1,-,-,-,-,-
형법범,기타형법범,일수와 수리에 관한 죄,거래상대방,1,1,-,-,-,1,-,-,-,-,1,-,-,-,-,-,-
형법범,기타형법범,일수와 수리에 관한 죄,이 웃,9,5,2,3,2,2,4,5,5,2,8,5,2,1,4,-,1
형법범,기타형법범,일수와 수리에 관한 죄,지 인,-,-,1,5,3,1,1,3,3,2,-,1,-,-,-,-,-
형법범,기타형법범,일수와 수리에 관한 죄,타 인,4,5,6,5,9,8,6,9,8,2,1,3,3,1,2,1,2
형법범,기타형법범,일수와 수리에 관한 죄,기 타,2,4,1,1,5,7,3,12,1,1,4,6,9,12,9,3,12
형법범,기타형법범,교통 방해의 죄,국 가,298,173,306,251,499,299,332,365,256,732,276,314,379,515,556,802,355
형법범,기타형법범,교통 방해의 죄,공무원,3,1,-,2,-,-,13,2,1,10,4,2,5,5,5,11,10
형법범,기타형법범,교통 방해의 죄,고용자,44,48,42,40,59,36,24,11,23,32,19,17,72,9,11,2,5
형법범,기타형법범,교통 방해의 죄,피고용자,32,21,17,23,21,8,14,6,9,6,8,2,8,1,3,2,3
형법범,기타형법범,교통 방해의 죄,직장동료,10,20,19,8,9,9,2,6,6,13,12,12,11,5,6,6,5
형법범,기타형법범,교통 방해의 죄,친 구,8,6,6,3,2,-,3,9,7,3,3,3,3,3,1,3,3
형법범,기타형법범,교통 방해의 죄,애 인,-,2,2,-,-,1,-,-,-,-,-,1,-,-,1,-,1
형법범,기타형법범,교통 방해의 죄,동거친족,13,4,6,8,8,8,7,11,2,3,-,1,-,4,-,1,2
형법범,기타형법범,교통 방해의 죄,기타친족,5,5,2,5,1,3,6,5,5,3,-,6,2,12,5,3,11
형법범,기타형법범,교통 방해의 죄,거래상대방,4,4,6,3,7,9,9,7,4,7,7,8,13,10,8,6,18
형법범,기타형법범,교통 방해의 죄,이 웃,57,56,61,58,53,73,77,72,95,86,60,77,80,99,110,93,152
형법범,기타형법범,교통 방해의 죄,지 인,23,19,19,26,20,45,28,28,36,25,32,15,27,21,9,19,8
형법범,기타형법범,교통 방해의 죄,타 인,384,357,340,375,323,306,308,358,312,348,267,261,309,326,314,306,308
형법범,기타형법범,교통 방해의 죄,기 타,196,222,242,234,225,267,312,403,304,455,322,357,360,520,557,641,668
형법범,기타형법범,음용수에 관한 죄,국 가,-,1,1,-,1,5,2,1,-,9,-,-,-,-,-,-,-
형법범,기타형법범,음용수에 관한 죄,직장동료,-,-,-,-,-,1,-,-,-,-,-,-,-,-,-,-,-
형법범,기타형법범,음용수에 관한 죄,친 구,-,-,-,-,-,-,-,-,-,-,-,1,-,1,-,-,-
형법범,기타형법범,음용수에 관한 죄,동거친족,-,-,-,-,-,-,-,-,-,1,-,-,-,-,-,-,-
형법범,기타형법범,음용수에 관한 죄,기타친족,-,1,-,-,-,-,-,-,-,-,-,-,2,-,-,-,-
형법범,기타형법범,음용수에 관한 죄,거래상대방,-,2,1,-,-,-,1,1,1,1,-,-,5,1,-,-,-
형법범,기타형법범,음용수에 관한 죄,이 웃,13,13,3,10,8,13,16,8,6,4,5,13,3,8,6,3,16
형법범,기타형법범,음용수에 관한 죄,지 인,3,2,3,2,-,10,11,4,4,1,5,1,2,2,1,-,-
형법범,기타형법범,음용수에 관한 죄,타 인,5,5,6,6,3,20,8,18,7,10,1,3,4,10,6,3,-
형법범,기타형법범,음용수에 관한 죄,기 타,13,16,7,4,1,10,5,8,10,8,5,14,16,18,15,25,18
형법범,기타형법범,아편·몰핀에 관한 죄,국 가,2,-,-,-,-,-,-,-,-,-,-,-,-,-,-,-,-
형법범,기타형법범,과실사상의 죄,국 가,50,53,79,105,97,98,58,86,49,48,19,22,14,20,24,-,5
형법범,기타형법범,과실사상의 죄,공무원,12,7,10,1,8,5,1,6,3,7,6,3,3,4,7,3,1
형법범,기타형법범,과실사상의 죄,고용자,311,279,247,262,199,179,204,214,218,214,276,217,228,229,229,191,264
형법범,기타형법범,과실사상의 죄,피고용자,383,383,382,436,301,328,394,400,406,404,451,459,482,372,406,350,379
형법범,기타형법범,과실사상의 죄,직장동료,723,697,753,679,533,520,559,505,470,484,621,526,544,566,468,566,474
형법범,기타형법범,과실사상의 죄,친 구,27,19,16,33,21,33,44,25,25,26,36,33,34,23,39,53,29
형법범,기타형법범,과실사상의 죄,애 인,3,1,3,5,1,4,5,8,8,5,4,2,6,3,6,11,8
형법범,기타형법범,과실사상의 죄,동거친족,26,29,24,18,12,39,30,26,28,18,21,24,18,22,14,20,14
형법범,기타형법범,과실사상의 죄,기타친족,15,19,10,13,9,19,25,11,16,12,19,15,24,22,17,16,14
형법범,기타형법범,과실사상의 죄,거래상대방,119,93,101,102,127,111,126,129,101,89,115,79,104,76,96,88,98
형법범,기타형법범,과실사상의 죄,이 웃,105,74,90,69,68,82,87,92,82,83,104,74,87,80,92,79,94
형법범,기타형법범,과실사상의 죄,지 인,146,157,196,197,223,189,206,187,170,209,148,114,122,95,114,107,91
형법범,기타형법범,과실사상의 죄,타 인,2065,2013,2009,1944,1836,1890,2073,2029,1996,2022,1797,1651,1811,1894,1797,1961,1936
형법범,기타형법범,과실사상의 죄,기 타,1049,1097,1112,1076,959,1065,1174,1087,984,1214,1466,1426,1609,1577,1641,1878,2076
형법범,기타형법범,낙태의 죄,국 가,4,7,7,5,5,10,19,17,11,2,1,6,4,4,7,-,-
형법범,기타형법범,낙태의 죄,공무원,-,-,-,-,-,-,-,-,-,-,-,-,1,-,-,-,-
형법범,기타형법범,낙태의 죄,고용자,-,-,-,-,-,-,2,-,-,-,-,-,-,-,-,-,-
형법범,기타형법범,낙태의 죄,직장동료,-,-,-,-,-,-,-,-,1,-,-,-,-,-,-,-,-
형법범,기타형법범,낙태의 죄,애 인,1,3,-,2,2,2,1,1,-,1,2,3,-,-,-,1,7
형법범,기타형법범,낙태의 죄,동거친족,3,5,2,4,5,4,8,5,4,2,1,1,2,-,3,1,3
형법범,기타형법범,낙태의 죄,기타친족,5,-,-,1,1,1,1,1,-,3,1,1,-,2,3,-,1
형법범,기타형법범,낙태의 죄,거래상대방,1,1,-,-,-,-,2,1,-,-,-,1,-,-,1,-,1
형법범,기타형법범,낙태의 죄,지 인,2,1,1,-,1,1,3,1,-,1,-,-,-,-,1,-,2
형법범,기타형법범,낙태의 죄,타 인,11,11,6,9,10,21,15,16,10,5,15,9,10,4,10,5,17
형법범,기타형법범,낙태의 죄,기 타,7,9,2,13,19,22,18,28,15,20,28,26,39,24,28,33,73
형법범,기타형법범,유기의 죄,국 가,5,5,6,6,2,17,7,6,8,3,6,6,6,5,2,-,-
형법범,기타형법범,유기의 죄,공무원,1,-,-,1,-,-,-,-,-,-,-,-,-,-,-,-,-
형법범,기타형법범,유기의 죄,고용자,1,2,-,-,1,-,1,-,-,1,-,-,-,-,-,-,-
형법범,기타형법범,유기의 죄,피고용자,-,-,-,-,-,1,-,-,1,-,-,1,-,2,1,1,-
형법범,기타형법범,유기의 죄,직장동료,-,2,-,1,-,-,-,1,-,4,1,-,1,-,-,-,1
형법범,기타형법범,유기의 죄,친 구,-,-,-,-,1,-,-,-,1,-,-,-,-,-,-,-,-
형법범,기타형법범,유기의 죄,애 인,-,2,-,-,-,-,-,-,-,-,-,-,-,1,-,-,-
형법범,기타형법범,유기의 죄,동거친족,33,37,45,25,36,48,52,68,38,54,76,48,31,50,41,28,42
형법범,기타형법범,유기의 죄,기타친족,11,10,8,14,12,16,22,27,8,10,40,7,15,11,8,4,5
형법범,기타형법범,유기의 죄,거래상대방,-,1,-,-,-,1,1,1,-,1,-,-,-,-,-,-,3
형법범,기타형법범,유기의 죄,이 웃,-,-,-,-,-,-,-,-,1,1,-,-,-,1,-,-,-
형법범,기타형법범,유기의 죄,지 인,5,5,2,5,3,1,1,-,7,1,2,-,2,2,-,6,-
형법범,기타형법범,유기의 죄,타 인,7,10,9,17,16,11,4,7,6,9,10,8,9,8,11,12,7
형법범,기타형법범,유기의 죄,기 타,34,24,24,22,19,47,33,35,32,41,77,86,70,86,81,86,64
형법범,기타형법범,명예에 관한 죄,국 가,43,33,38,102,64,114,99,115,56,69,16,40,43,73,163,247,172
형법범,기타형법범,명예에 관한 죄,공무원,12,6,5,5,14,33,22,15,15,15,30,38,28,392,1143,1752,1600
형법범,기타형법범,명예에 관한 죄,고용자,35,27,24,34,55,75,140,118,85,179,148,158,90,108,85,70,60
형법범,기타형법범,명예에 관한 죄,피고용자,19,42,16,25,38,78,49,65,68,48,61,85,58,60,35,38,40
형법범,기타형법범,명예에 관한 죄,직장동료,223,261,204,219,206,332,444,384,430,458,400,358,284,354,321,391,214
형법범,기타형법범,명예에 관한 죄,친 구,60,39,32,35,29,69,66,93,58,52,91,80,77,86,107,88,84
형법범,기타형법범,명예에 관한 죄,애 인,15,10,10,16,11,15,27,35,22,24,52,50,36,31,42,34,57
형법범,기타형법범,명예에 관한 죄,동거친족,29,27,36,14,18,34,35,32,23,35,26,17,22,19,14,27,20
형법범,기타형법범,명예에 관한 죄,기타친족,124,100,93,137,105,164,143,154,154,110,174,181,144,154,169,119,137
형법범,기타형법범,명예에 관한 죄,거래상대방,116,81,88,104,120,143,176,154,156,155,192,195,191,227,217,228,315
형법범,기타형법범,명예에 관한 죄,이 웃,718,707,621,544,599,862,1000,1063,987,938,940,945,823,807,889,868,959
형법범,기타형법범,명예에 관한 죄,지 인,639,734,752,790,753,1231,1407,1490,1369,1296,1100,1016,847,905,761,789,531
형법범,기타형법범,명예에 관한 죄,타 인,1048,1032,1144,1079,1117,1703,1847,1929,2004,1971,1807,1816,1892,2156,2750,3313,3159
형법범,기타형법범,명예에 관한 죄,기 타,972,1059,1000,1041,1213,1718,1777,2030,2029,2223,5074,6562,7374,7553,8552,9116,9498
형법범,기타형법범,신용·업무와 경매에 관한 죄,국 가,228,164,158,202,230,290,291,310,587,1100,349,260,383,475,381,736,262
형법범,기타형법범,신용·업무와 경매에 관한 죄,공무원,7,7,25,27,7,11,23,11,13,54,65,48,61,189,261,420,91
형법범,기타형법범,신용·업무와 경매에 관한 죄,고용자,369,328,317,470,768,1135,901,1180,1561,907,832,1524,1005,1366,910,832,961
형법범,기타형법범,신용·업무와 경매에 관한 죄,피고용자,148,108,123,148,265,208,319,375,590,425,274,160,279,306,180,149,228
형법범,기타형법범,신용·업무와 경매에 관한 죄,직장동료,162,123,172,132,121,178,194,236,368,156,198,351,269,357,247,263,221
형법범,기타형법범,신용·업무와 경매에 관한 죄,친 구,5,4,-,4,4,14,8,12,7,13,39,36,33,53,67,100,76
형법범,기타형법범,신용·업무와 경매에 관한 죄,애 인,1,3,6,8,6,9,17,12,13,16,36,37,67,101,116,123,108
형법범,기타형법범,신용·업무와 경매에 관한 죄,동거친족,7,3,9,4,4,11,9,7,13,17,19,20,27,21,35,38,24
형법범,기타형법범,신용·업무와 경매에 관한 죄,기타친족,30,28,16,27,23,61,44,69,59,67,55,63,65,107,82,87,103
형법범,기타형법범,신용·업무와 경매에 관한 죄,거래상대방,227,242,190,363,385,433,476,524,452,448,667,512,735,890,988,1001,1105
형법범,기타형법범,신용·업무와 경매에 관한 죄,이 웃,257,219,175,227,176,184,319,330,300,289,253,289,346,292,336,407,447
형법범,기타형법범,신용·업무와 경매에 관한 죄,지 인,246,318,317,429,389,630,741,641,633,634,553,570,758,661,679,757,482
형법범,기타형법범,신용·업무와 경매에 관한 죄,타 인,1436,1662,1570,1677,1479,2179,2429,2913,2972,3181,3806,4263,5837,8202,9967,11088,8616
형법범,기타형법범,신용·업무와 경매에 관한 죄,기 타,1468,1659,1817,1958,1967,2420,2642,2763,3034,3125,4943,6027,7097,7762,7921,8625,8244
형법범,기타형법범,비밀침해죄,국 가,-,-,-,-,-,-,-,-,-,-,-,-,-,4,-,1,-
형법범,기타형법범,비밀침해죄,고용자,-,-,-,-,-,3,1,1,-,-,1,4,1,-,-,1,-
형법범,기타형법범,비밀침해죄,피고용자,-,-,-,-,-,1,-,-,-,-,-,-,-,1,-,-,-
형법범,기타형법범,비밀침해죄,직장동료,-,-,-,-,-,-,-,-,-,-,2,1,2,1,1,-,1
형법범,기타형법범,비밀침해죄,동거친족,1,-,-,-,-,-,-,-,2,-,1,-,-,-,-,-,1
형법범,기타형법범,비밀침해죄,기타친족,-,-,-,-,-,-,1,-,-,-,-,-,1,-,-,-,-
형법범,기타형법범,비밀침해죄,거래상대방,-,-,1,1,-,-,2,3,-,2,-,-,4,1,-,-,1
형법범,기타형법범,비밀침해죄,이 웃,-,-,-,-,-,-,-,-,1,-,-,-,1,-,-,-,-
형법범,기타형법범,비밀침해죄,지 인,1,-,-,4,-,-,-,1,-,-,2,4,3,-,-,2,1
형법범,기타형법범,비밀침해죄,타 인,2,4,1,3,2,2,4,4,5,5,6,2,7,7,8,5,9
형법범,기타형법범,비밀침해죄,기 타,2,2,6,2,-,3,1,4,6,-,16,13,26,25,35,33,38
형법범,기타형법범,주거침입의 죄,국 가,15,32,167,61,96,64,40,50,49,42,16,39,33,35,21,48,7
형법범,기타형법범,주거침입의 죄,공무원,-,-,68,3,2,2,9,-,1,2,2,16,3,9,33,9,29
형법범,기타형법범,주거침입의 죄,고용자,2,22,5,-,12,15,7,11,61,3,12,78,59,45,50,116,44
형법범,기타형법범,주거침입의 죄,피고용자,3,1,1,10,4,4,9,6,5,2,8,8,9,14,21,25,19
형법범,기타형법범,주거침입의 죄,직장동료,8,5,2,2,5,3,8,7,11,15,12,10,21,28,44,33,41
형법범,기타형법범,주거침입의 죄,친 구,5,1,4,2,6,9,12,8,7,7,24,15,40,44,49,47,53
형법범,기타형법범,주거침입의 죄,애 인,6,8,8,9,14,20,22,33,37,40,48,55,190,303,360,360,337
형법범,기타형법범,주거침입의 죄,동거친족,2,5,3,5,4,11,3,16,7,10,15,11,28,40,46,35,25
형법범,기타형법범,주거침입의 죄,기타친족,13,14,5,11,15,38,34,35,20,34,47,46,79,92,152,142,144
형법범,기타형법범,주거침입의 죄,거래상대방,48,34,40,89,64,109,79,74,121,56,87,101,101,130,102,130,174
형법범,기타형법범,주거침입의 죄,이 웃,75,60,72,49,65,87,110,124,97,81,94,91,190,266,279,314,367
형법범,기타형법범,주거침입의 죄,지 인,85,82,95,104,146,230,197,170,176,181,189,179,382,453,482,499,355
형법범,기타형법범,주거침입의 죄,타 인,504,433,520,539,674,849,821,720,648,684,803,908,1990,2497,2821,2885,2486
형법범,기타형법범,주거침입의 죄,기 타,280,217,301,383,358,443,428,435,393,414,758,866,1362,1433,1538,1661,1906
형법범,기타형법범,권리행사를 방해하는 죄,국 가,92,67,92,146,202,204,151,122,91,81,32,25,44,38,27,34,27
형법범,기타형법범,권리행사를 방해하는 죄,공무원,1,-,4,-,4,2,-,1,-,-,3,1,1,1,-,2,-
형법범,기타형법범,권리행사를 방해하는 죄,고용자,11,11,5,10,13,15,17,16,10,8,22,20,12,18,2,7,9
형법범,기타형법범,권리행사를 방해하는 죄,피고용자,5,21,12,12,18,29,21,24,20,16,17,33,23,21,10,6,22
형법범,기타형법범,권리행사를 방해하는 죄,직장동료,14,22,13,6,18,23,24,31,22,13,20,24,19,29,5,9,11
형법범,기타형법범,권리행사를 방해하는 죄,친 구,22,10,12,13,21,28,22,11,20,22,39,22,19,12,11,19,19
형법범,기타형법범,권리행사를 방해하는 죄,애 인,2,2,6,6,3,4,8,3,5,4,4,2,2,8,8,8,5
형법범,기타형법범,권리행사를 방해하는 죄,동거친족,27,10,14,21,19,35,21,27,25,36,21,16,11,8,10,14,12
형법범,기타형법범,권리행사를 방해하는 죄,기타친족,39,22,36,39,54,80,82,67,50,61,66,49,44,26,35,25,35
형법범,기타형법범,권리행사를 방해하는 죄,거래상대방,296,437,472,564,802,900,768,687,529,483,532,461,545,426,394,456,439
형법범,기타형법범,권리행사를 방해하는 죄,이 웃,89,59,59,79,70,102,114,64,58,42,59,37,40,29,29,21,25
형법범,기타형법범,권리행사를 방해하는 죄,지 인,238,296,311,385,536,679,504,487,363,359,304,237,194,155,123,124,77
형법범,기타형법범,권리행사를 방해하는 죄,타 인,783,1052,1127,1259,1814,1981,1563,1446,1262,1243,1098,941,919,772,675,711,569
형법범,기타형법범,권리행사를 방해하는 죄,기 타,802,846,1017,1228,1776,1824,1371,1286,1275,1214,2618,3087,3917,3844,3626,4270,3940
형법범,기타형법범,인질강요,동거친족,-,-,-,-,-,-,-,-,-,-,1,-,-,-,-,-,-
형법범,기타형법범,인질강요,기타친족,-,-,-,-,-,-,-,-,-,-,2,-,-,-,-,-,-
형법범,기타형법범,인질강요,지 인,-,-,-,-,-,1,-,-,1,-,-,-,-,-,-,-,-
형법범,기타형법범,인질강요,타 인,-,-,-,2,-,-,-,-,1,-,-,-,-,-,3,-,-
형법범,기타형법범,인질강요,기 타,-,-,-,-,-,-,-,-,-,-,-,-,1,-,-,-,-
형법범,기타형법범,인질상해(치상),동거친족,-,-,-,-,-,-,-,-,-,-,-,1,-,-,-,-,-
형법범,기타형법범,인질상해(치상),지 인,-,-,-,-,-,-,-,-,-,-,-,-,-,1,-,-,-
형법범,기타형법범,인질상해(치상),타 인,-,-,-,-,-,6,-,-,-,-,-,1,1,-,-,-,1
형법범,기타형법범,인질상해(치상),기 타,-,-,-,-,-,-,-,-,-,-,-,2,-,-,-,-,-
형법범,기타형법범,인질살해(치사),애 인,-,-,-,-,-,-,-,-,-,-,-,-,-,-,-,-,1
형법범,기타형법범,기타,국 가,-,-,-,-,-,-,-,-,-,-,4,5,13,120,227,5,1
형법범,기타형법범,기타,공무원,-,-,-,-,-,-,-,-,-,-,-,-,-,2,-,-,-
형법범,기타형법범,기타,고용자,-,-,-,-,-,-,-,-,-,-,1,-,-,-,2,-,-
형법범,기타형법범,기타,피고용자,-,-,-,-,-,-,-,-,-,-,-,-,-,3,-,-,-
형법범,기타형법범,기타,직장동료,-,-,-,-,-,-,-,-,-,-,-,4,-,-,-,-,-
형법범,기타형법범,기타,애 인,-,-,-,-,-,-,-,-,-,-,1,2,-,-,-,-,-
형법범,기타형법범,기타,동거친족,-,-,-,-,-,-,-,-,-,-,-,-,-,-,1,-,-
형법범,기타형법범,기타,기타친족,-,-,-,-,-,-,-,-,-,-,-,-,-,5,1,-,-
형법범,기타형법범,기타,거래상대방,-,-,-,-,-,-,-,-,-,-,1,-,-,-,1,-,-
형법범,기타형법범,기타,이 웃,-,-,-,-,-,-,-,-,-,-,1,1,3,13,6,-,-
형법범,기타형법범,기타,지 인,-,-,-,-,-,-,-,-,-,-,12,2,-,7,5,-,-
형법범,기타형법범,기타,타 인,-,-,-,-,-,-,-,-,-,-,92,40,38,165,122,7,1
형법범,기타형법범,기타,기 타,-,-,-,-,-,-,-,-,-,-,38,8,17,118,86,3,4
특별법범,소계,소계,국 가,379708,391441,408668,521520,611501,532646,496782,601925,668597,639429,772401,603219,560940,674565,773897,652424,510260
특별법범,소계,소계,공무원,1689,2829,2201,417,188,193,183,192,227,226,593,481,361,359,522,493,641
특별법범,소계,소계,고용자,267,200,243,244,293,537,472,510,392,404,805,549,485,473,466,494,399
특별법범,소계,소계,피고용자,217,183,226,280,265,343,462,551,597,526,1116,726,718,835,894,960,460
특별법범,소계,소계,직장동료,663,531,543,470,444,486,555,573,469,506,913,759,807,870,875,1148,664
특별법범,소계,소계,친 구,1094,1093,1087,925,1005,896,964,889,741,698,1931,1228,1546,1649,1848,2210,1580
특별법범,소계,소계,애 인,142,147,169,165,176,203,224,285,256,285,394,323,422,476,511,544,503
특별법범,소계,소계,동거친족,828,714,797,748,985,1345,1360,1221,947,1028,1019,860,842,944,954,946,772
특별법범,소계,소계,기타친족,446,490,443,374,364,472,459,446,351,321,511,431,407,504,568,507,508
특별법범,소계,소계,거래상대방,4827,6945,7558,6870,9377,7639,5598,5428,4626,4605,7102,4952,4329,5041,6296,8550,5617
특별법범,소계,소계,이 웃,1016,1024,863,874,858,933,1039,946,859,819,911,762,748,797,916,853,882
특별법범,소계,소계,지 인,2988,3033,3041,3187,3403,3465,3362,3625,3074,3277,2721,2164,2274,2283,2502,2589,1627
특별법범,소계,소계,타 인,325630,318957,344017,327169,306763,327845,349131,328158,292480,276962,236067,189614,189705,184856,194682,200084,173408
특별법범,소계,소계,기 타,86863,79559,87797,98835,106167,102313,109103,114315,119061,121252,198310,183219,201613,204542,283414,297113,254541
