了辆喊(1),了辆喊(2),了辆喊(3),楷飞喊(1),2011,2012,2013,2014,2015,2016,2017,2018,2019,2020,2021,2022
醚裹了,家拌,家拌,固己斥,86616,104532,88549,77280,79342,75757,72425,65784,65907,64152,53760,60691
醚裹了,家拌,家拌,14技固父,316,654,281,54,80,78,88,-,-,-,-,-
醚裹了,家拌,家拌,己牢,1728590,1618724,1651378,1633101,1689960,1768887,1611388,1513619,1516477,1425704,1192060,1187696
醚裹了,家拌,家拌,固惑,27,559,1375,2054,2088,2961,1648,2519,3254,4565,1860,1943
醚裹了,碍仿裹了,家拌,固己斥,3209,3231,3052,2610,2377,2410,2311,2267,2358,1898,1648,1808
醚裹了,碍仿裹了,家拌,14技固父,5,27,19,-,3,3,1,-,-,-,-,-
醚裹了,碍仿裹了,家拌,己牢,22137,20553,22277,22419,23421,24628,26606,26005,26550,25046,21318,23190
醚裹了,碍仿裹了,家拌,固惑,-,5,22,36,23,33,10,30,35,27,26,19
醚裹了,碍仿裹了,混牢扁荐,固己斥,7,12,6,18,7,4,10,5,9,2,5,6
醚裹了,碍仿裹了,混牢扁荐,14技固父,-,-,-,-,-,-,-,-,-,-,-,-
醚裹了,碍仿裹了,混牢扁荐,己牢,442,434,369,429,382,375,334,345,335,339,302,292
醚裹了,碍仿裹了,混牢扁荐,固惑,-,-,2,-,-,-,-,-,1,-,-,-
醚裹了,碍仿裹了,混牢固荐殿,固己斥,5,11,15,15,11,15,7,4,10,7,6,9
醚裹了,碍仿裹了,混牢固荐殿,14技固父,-,-,-,-,-,-,-,-,-,-,-,-
醚裹了,碍仿裹了,混牢固荐殿,己牢,831,598,605,559,574,601,554,512,515,445,400,420
醚裹了,碍仿裹了,混牢固荐殿,固惑,-,1,-,1,1,-,-,-,-,2,3,-
醚裹了,碍仿裹了,碍档,固己斥,1144,848,607,405,441,316,242,214,361,321,175,169
醚裹了,碍仿裹了,碍档,14技固父,-,1,1,-,-,-,-,-,-,-,-,-
醚裹了,碍仿裹了,碍档,己牢,3746,2472,1983,1663,1554,1384,1213,944,974,879,570,595
醚裹了,碍仿裹了,碍档,固惑,-,2,3,10,4,16,1,7,1,2,3,-
醚裹了,碍仿裹了,碍埃・碍力眠青,固己斥,1883,2164,-,-,-,-,-,-,-,-,-,-
醚裹了,碍仿裹了,碍埃・碍力眠青,14技固父,5,17,-,-,-,-,-,-,-,-,-,-
醚裹了,碍仿裹了,碍埃・碍力眠青,己牢,15769,15846,-,-,-,-,-,-,-,-,-,-
醚裹了,碍仿裹了,碍埃・碍力眠青,固惑,-,2,-,-,-,-,-,-,-,-,-,-
醚裹了,碍仿裹了,碍埃,固己斥,-,-,866,824,738,742,745,752,638,565,519,468
醚裹了,碍仿裹了,碍埃,14技固父,-,-,1,-,3,1,-,-,-,-,-,-
醚裹了,碍仿裹了,碍埃,己牢,-,-,4983,4677,4872,5082,5194,5189,5489,5540,5065,5134
醚裹了,碍仿裹了,碍埃,固惑,-,-,7,16,11,5,4,6,11,8,9,4
醚裹了,碍仿裹了,蜡荤碍埃,固己斥,-,-,20,70,90,93,124,128,140,94,105,95
醚裹了,碍仿裹了,蜡荤碍埃,14技固父,-,-,-,-,-,-,-,-,-,-,-,-
醚裹了,碍仿裹了,蜡荤碍埃,己牢,-,-,116,319,445,504,570,719,754,839,727,821
醚裹了,碍仿裹了,蜡荤碍埃,固惑,-,-,-,-,-,1,-,1,1,1,2,1
醚裹了,碍仿裹了,碍力眠青,固己斥,-,-,868,883,859,982,967,972,981,738,718,900
醚裹了,碍仿裹了,碍力眠青,14技固父,-,-,14,-,-,1,1,-,-,-,-,-
醚裹了,碍仿裹了,碍力眠青,己牢,-,-,11620,12509,13623,15025,17300,16643,16890,15630,13155,14660
醚裹了,碍仿裹了,碍力眠青,固惑,-,-,8,8,6,9,5,16,21,14,9,14
醚裹了,碍仿裹了,扁鸥 碍埃・碍力眠青殿,固己斥,-,-,529,239,135,111,98,83,120,72,44,66
醚裹了,碍仿裹了,扁鸥 碍埃・碍力眠青殿,14技固父,-,-,1,-,-,1,-,-,-,-,-,-
醚裹了,碍仿裹了,扁鸥 碍埃・碍力眠青殿,己牢,-,-,1356,953,550,408,273,375,375,277,227,217
醚裹了,碍仿裹了,扁鸥 碍埃・碍力眠青殿,固惑,-,-,2,1,1,2,-,-,-,-,-,-
醚裹了,碍仿裹了,规拳,固己斥,170,196,141,156,96,147,118,109,99,99,76,95
醚裹了,碍仿裹了,规拳,14技固父,-,9,2,-,-,-,-,-,-,-,-,-
醚裹了,碍仿裹了,规拳,己牢,1349,1203,1245,1310,1421,1249,1168,1278,1218,1097,872,1051
醚裹了,碍仿裹了,规拳,固惑,-,-,-,-,-,-,-,-,-,-,-,-
醚裹了,例档裹了,家拌,固己斥,32693,36634,32499,25999,25914,22507,19971,16873,17111,17027,12692,14772
醚裹了,例档裹了,家拌,14技固父,63,276,69,5,13,5,8,-,-,-,-,-
醚裹了,例档裹了,家拌,己牢,78695,67779,70136,69613,77210,83833,85681,80381,84099,81328,72931,79478
醚裹了,例档裹了,家拌,固惑,2,21,23,33,42,75,43,80,85,70,64,65
醚裹了,气仿裹了,家拌,固己斥,23807,33055,22589,20001,20036,20403,21948,20617,19638,15729,14654,16622
醚裹了,气仿裹了,家拌,14技固父,63,202,91,11,22,14,10,-,-,-,-,-
醚裹了,气仿裹了,家拌,己牢,368231,367161,347067,337952,352322,360212,341262,327893,326411,297821,249293,257759
醚裹了,气仿裹了,家拌,固惑,4,66,257,322,365,350,301,459,512,440,282,292
醚裹了,气仿裹了,惑秦,固己斥,2695,3224,2580,2517,2566,3079,3149,2778,2493,1850,1744,2078
醚裹了,气仿裹了,惑秦,14技固父,9,13,23,1,-,6,3,-,-,-,-,-
醚裹了,气仿裹了,惑秦,己牢,86443,81623,72607,64358,59478,62604,55686,50054,46337,41664,33839,31111
醚裹了,气仿裹了,惑秦,固惑,-,3,19,10,15,12,16,35,24,38,5,9
醚裹了,气仿裹了,气青,固己斥,3591,6185,5500,5390,6589,7753,8492,8112,7714,6042,5717,6671
醚裹了,气仿裹了,气青,14技固父,9,28,16,8,6,1,1,-,-,-,-,-
醚裹了,气仿裹了,气青,己牢,158189,161763,160691,165607,185522,208918,202121,196452,194749,172247,139805,149419
醚裹了,气仿裹了,气青,固惑,2,27,146,169,197,186,132,237,247,159,112,142
醚裹了,气仿裹了,眉器・皑陛,固己斥,21,40,27,10,40,82,133,133,122,120,104,136
醚裹了,气仿裹了,眉器・皑陛,14技固父,1,-,-,-,-,-,-,-,-,-,-,-
醚裹了,气仿裹了,眉器・皑陛,己牢,948,1071,1056,1101,1183,1593,1768,1464,1523,1572,1384,1291
醚裹了,气仿裹了,眉器・皑陛,固惑,-,2,3,7,3,12,10,11,9,3,33,5
醚裹了,气仿裹了,蛆冠,固己斥,70,183,127,142,196,366,470,565,672,671,655,786
醚裹了,气仿裹了,蛆冠,14技固父,3,9,1,-,-,-,3,-,-,-,-,-
醚裹了,气仿裹了,蛆冠,己牢,3785,4547,4537,4995,8974,16421,16110,17708,21661,21779,21318,21628
醚裹了,气仿裹了,蛆冠,固惑,-,2,18,23,27,38,19,64,44,57,50,37
醚裹了,气仿裹了,距秒・蜡牢,固己斥,16,16,20,13,16,11,23,13,20,23,8,21
醚裹了,气仿裹了,距秒・蜡牢,14技固父,-,-,-,-,-,-,-,-,-,-,-,-
醚裹了,气仿裹了,距秒・蜡牢,己牢,324,254,240,238,236,294,260,247,318,273,305,300
醚裹了,气仿裹了,距秒・蜡牢,固惑,-,-,-,1,-,-,2,-,13,-,5,-
醚裹了,气仿裹了,气仿青困殿,固己斥,15386,19839,12467,10472,9118,7316,7707,6993,6450,5025,4563,4795
醚裹了,气仿裹了,气仿青困殿,14技固父,29,110,46,2,7,-,2,-,-,-,-,-
醚裹了,气仿裹了,气仿青困殿,己牢,88035,86393,77343,69557,63817,33586,28874,24828,22067,20206,15934,16560
醚裹了,气仿裹了,气仿青困殿,固惑,2,24,48,84,67,61,66,64,108,111,29,71
醚裹了,气仿裹了,傍哎,固己斥,1576,2778,1101,754,630,817,1022,1086,1053,928,740,809
醚裹了,气仿裹了,傍哎,14技固父,-,19,1,-,1,-,-,-,-,-,-,-
醚裹了,气仿裹了,傍哎,己牢,2210,2677,2081,2907,2295,2806,2547,2425,2487,2477,2033,1940
醚裹了,气仿裹了,傍哎,固惑,-,-,7,13,5,15,4,10,12,29,2,5
醚裹了,气仿裹了,颊鲍,固己斥,452,790,767,703,881,979,952,937,1114,1070,1123,1326
醚裹了,气仿裹了,颊鲍,14技固父,12,23,4,-,8,7,1,-,-,-,-,-
醚裹了,气仿裹了,颊鲍,己牢,28297,28833,28512,29189,30817,33990,33896,34715,37269,37603,34675,35510
醚裹了,气仿裹了,颊鲍,固惑,-,8,16,15,51,26,52,38,55,43,46,23
醚裹了,瘤瓷裹了,家拌,固己斥,7771,10048,11120,10483,11711,11035,9358,9801,10652,11732,8458,9011
醚裹了,瘤瓷裹了,家拌,14技固父,12,15,11,9,5,11,9,-,-,-,-,-
醚裹了,瘤瓷裹了,家拌,己牢,321623,269966,292457,274811,281978,275099,259192,281575,297069,294065,201228,209968
醚裹了,瘤瓷裹了,家拌,固惑,5,229,448,805,690,891,567,738,1061,1909,695,721
醚裹了,瘤瓷裹了,流公蜡扁,固己斥,1,-,0,-,-,5,3,1,-,-,-,-
醚裹了,瘤瓷裹了,流公蜡扁,14技固父,1,-,-,-,-,2,-,-,-,-,-,-
醚裹了,瘤瓷裹了,流公蜡扁,己牢,668,818,772,680,802,607,616,655,680,791,702,729
醚裹了,瘤瓷裹了,流公蜡扁,固惑,-,5,30,121,58,30,44,57,108,156,108,105
醚裹了,瘤瓷裹了,流鼻巢侩,固己斥,-,-,0,-,1,-,-,-,-,-,-,1
醚裹了,瘤瓷裹了,流鼻巢侩,14技固父,-,-,-,-,1,-,-,-,-,-,-,-
醚裹了,瘤瓷裹了,流鼻巢侩,己牢,357,406,497,530,552,549,657,779,909,881,714,844
醚裹了,瘤瓷裹了,流鼻巢侩,固惑,-,3,26,65,34,28,22,32,65,140,143,175
醚裹了,瘤瓷裹了,刘荐汾,固己斥,-,-,0,-,-,-,-,-,-,-,-,-
醚裹了,瘤瓷裹了,刘荐汾,14技固父,-,-,-,-,-,-,-,-,-,-,-,-
醚裹了,瘤瓷裹了,刘荐汾,己牢,1239,832,855,842,842,787,1128,1130,940,796,650,703
醚裹了,瘤瓷裹了,刘荐汾,固惑,-,-,-,6,-,1,-,1,2,11,1,-
醚裹了,瘤瓷裹了,烹拳,固己斥,36,28,26,14,32,35,20,12,21,5,4,2
醚裹了,瘤瓷裹了,烹拳,14技固父,-,-,-,-,-,-,1,-,-,-,-,-
醚裹了,瘤瓷裹了,烹拳,己牢,85,135,408,320,254,185,509,243,122,80,54,40
醚裹了,瘤瓷裹了,烹拳,固惑,-,-,-,-,-,-,2,-,-,1,-,-
醚裹了,瘤瓷裹了,巩辑・牢厘,固己斥,1687,2622,2166,1816,1865,2068,1748,1467,1307,1264,656,875
醚裹了,瘤瓷裹了,巩辑・牢厘,14技固父,-,-,-,-,-,-,-,-,-,-,-,-
醚裹了,瘤瓷裹了,巩辑・牢厘,己牢,20417,16834,18183,17519,17089,15847,14082,14033,14819,14046,10725,10927
醚裹了,瘤瓷裹了,巩辑・牢厘,固惑,1,23,57,125,68,109,88,76,127,155,60,62
醚裹了,瘤瓷裹了,蜡啊刘鼻牢瘤,固己斥,-,1,0,2,16,-,3,12,2,-,-,1
醚裹了,瘤瓷裹了,蜡啊刘鼻牢瘤,14技固父,-,-,-,-,-,-,-,-,-,-,-,-
醚裹了,瘤瓷裹了,蜡啊刘鼻牢瘤,己牢,1025,630,547,548,383,373,327,283,205,116,68,77
醚裹了,瘤瓷裹了,蜡啊刘鼻牢瘤,固惑,-,2,1,2,-,-,-,-,1,1,-,-
醚裹了,瘤瓷裹了,荤扁,固己斥,4910,5837,7227,7224,8237,7435,6168,6919,8049,9161,6816,6744
醚裹了,瘤瓷裹了,荤扁,14技固父,6,8,9,6,2,8,7,-,-,-,-,-
醚裹了,瘤瓷裹了,荤扁,己牢,259720,214886,231803,214555,219516,215177,201977,222463,237523,234678,155751,162466
醚裹了,瘤瓷裹了,荤扁,固惑,4,164,279,394,452,598,337,472,588,1170,269,318
醚裹了,瘤瓷裹了,染飞,固己斥,1137,1552,1700,1426,1556,1485,1416,1389,1272,1299,981,1388
醚裹了,瘤瓷裹了,染飞,14技固父,5,7,2,3,2,1,1,-,-,-,-,-
醚裹了,瘤瓷裹了,染飞,己牢,30252,27929,30987,30491,34346,34029,32111,33809,33819,34449,26904,28578
醚裹了,瘤瓷裹了,染飞,固惑,-,26,36,58,43,69,53,72,72,182,85,40
醚裹了,瘤瓷裹了,硅烙,固己斥,-,8,1,1,4,7,-,1,1,3,1,-
醚裹了,瘤瓷裹了,硅烙,14技固父,-,-,-,-,-,-,-,-,-,-,-,-
醚裹了,瘤瓷裹了,硅烙,己牢,7860,7496,8405,9326,8194,7545,7785,8180,8052,8228,5660,5604
醚裹了,瘤瓷裹了,硅烙,固惑,-,6,19,34,35,56,21,28,98,93,29,21
醚裹了,浅加裹了,家拌,固己斥,601,795,837,839,953,1434,1486,1590,1644,2253,2666,3872
醚裹了,浅加裹了,家拌,14技固父,5,11,6,1,1,-,4,-,-,-,-,-
醚裹了,浅加裹了,家拌,己牢,60781,50103,47162,40833,40103,43690,34281,30578,32093,32397,26348,27114
醚裹了,浅加裹了,家拌,固惑,1,7,15,22,27,25,14,15,42,21,16,5
醚裹了,浅加裹了,己浅加裹了,固己斥,572,734,820,801,892,1258,1401,1521,1572,2162,2603,3798
醚裹了,浅加裹了,己浅加裹了,14技固父,5,11,6,1,1,-,4,-,-,-,-,-
醚裹了,浅加裹了,己浅加裹了,己牢,14636,15580,17853,13129,10999,9941,10632,11181,10871,11370,11935,15550
醚裹了,浅加裹了,己浅加裹了,固惑,1,7,15,15,26,8,13,11,30,14,11,3
醚裹了,浅加裹了,档冠裹了,固己斥,29,61,17,38,61,176,85,69,72,91,63,74
醚裹了,浅加裹了,档冠裹了,14技固父,-,-,-,-,-,-,-,-,-,-,-,-
醚裹了,浅加裹了,档冠裹了,己牢,46145,34523,29309,27704,29104,33749,23649,19397,21222,21027,14413,11564
醚裹了,浅加裹了,档冠裹了,固惑,-,-,-,7,1,17,1,4,12,7,5,2
醚裹了,漂喊版力裹了,家拌,固己斥,804,1229,1132,978,1686,839,642,588,730,555,388,371
醚裹了,漂喊版力裹了,家拌,14技固父,20,48,23,7,2,3,5,-,-,-,-,-
醚裹了,漂喊版力裹了,家拌,己牢,90813,92111,82019,86483,88428,76551,71682,74524,78118,66976,46316,50177
醚裹了,漂喊版力裹了,家拌,固惑,5,87,157,187,242,279,128,236,327,373,142,125
醚裹了,付距裹了,家拌,固己斥,20,10,23,46,61,43,38,56,71,132,180,199
醚裹了,付距裹了,家拌,14技固父,-,-,-,-,-,-,-,-,-,-,-,-
醚裹了,付距裹了,家拌,己牢,5389,4721,5025,5216,6850,8399,8474,7616,9799,11496,9992,11746
醚裹了,付距裹了,家拌,固惑,-,-,1,2,2,1,-,5,5,2,1,3
醚裹了,焊扒裹了,家拌,固己斥,28,36,25,26,31,33,34,18,25,54,239,348
醚裹了,焊扒裹了,家拌,14技固父,-,-,-,-,-,1,-,-,-,-,-,-
醚裹了,焊扒裹了,家拌,己牢,20417,19488,23014,22055,20673,21575,19085,16917,17968,21687,38641,56345
醚裹了,焊扒裹了,家拌,固惑,-,7,7,4,17,41,11,30,31,69,63,27
醚裹了,券版裹了,家拌,固己斥,4,3,1,4,5,14,5,2,5,1,2,7
醚裹了,券版裹了,家拌,14技固父,-,-,-,-,-,-,-,-,-,-,-,-
醚裹了,券版裹了,家拌,己牢,3109,3242,3583,3126,3167,3776,4372,4057,5070,4317,3842,3677
醚裹了,券版裹了,家拌,固惑,-,2,4,6,4,12,1,7,13,11,9,5
醚裹了,背烹裹了,家拌,固己斥,11795,11977,9751,9247,9022,9307,9338,7391,7081,7779,6684,6611
醚裹了,背烹裹了,家拌,14技固父,123,42,31,6,13,10,23,-,-,-,-,-
醚裹了,背烹裹了,家拌,己牢,512553,500039,526907,523635,540135,545644,475077,405659,376521,348544,304493,233527
醚裹了,背烹裹了,家拌,固惑,2,60,98,244,217,401,137,97,115,123,55,78
醚裹了,畴悼裹了,家拌,固己斥,7,4,4,1,12,6,3,5,1,-,2,3
醚裹了,畴悼裹了,家拌,14技固父,-,-,-,-,-,-,-,-,-,-,-,-
醚裹了,畴悼裹了,家拌,己牢,2634,2374,2296,2123,2381,5851,4959,2065,857,608,668,614
醚裹了,畴悼裹了,家拌,固惑,-,-,9,7,2,3,2,3,7,5,-,-
醚裹了,救焊裹了,家拌,固己斥,2,2,4,1,1,-,7,2,-,7,-,-
醚裹了,救焊裹了,家拌,14技固父,-,-,-,-,-,-,-,-,-,-,-,-
醚裹了,救焊裹了,家拌,己牢,158,124,148,88,173,145,241,175,541,666,727,680
醚裹了,救焊裹了,家拌,固惑,-,-,-,1,-,6,3,10,4,5,12,2
醚裹了,急芭裹了,家拌,固己斥,-,18,2,6,1,1,10,12,-,23,2,47
醚裹了,急芭裹了,家拌,14技固父,-,-,-,-,-,-,-,-,-,-,-,-
醚裹了,急芭裹了,家拌,己牢,400,1837,405,2779,1119,1498,749,3257,1178,1507,303,3684
醚裹了,急芭裹了,家拌,固惑,-,-,2,15,1,26,28,11,2,15,7,36
醚裹了,捍开裹了,家拌,固己斥,-,-,0,-,1,2,1,-,-,-,-,-
醚裹了,捍开裹了,家拌,14技固父,-,-,-,-,-,-,-,-,-,-,-,-
醚裹了,捍开裹了,家拌,己牢,22752,18359,23200,18523,18240,15657,14570,13251,11809,3163,1393,3907
醚裹了,捍开裹了,家拌,固惑,-,-,-,-,-,-,3,3,-,1,2,2
醚裹了,扁鸥裹了,家拌,固己斥,5875,7490,7510,7039,7531,7723,7273,6562,6591,6962,6145,7020
醚裹了,扁鸥裹了,家拌,14技固父,25,33,31,15,21,31,28,-,-,-,-,-
醚裹了,扁鸥裹了,家拌,己牢,218898,200867,205682,223445,233760,302329,265157,239666,248394,236083,214567,225830
醚裹了,扁鸥裹了,家拌,固惑,8,75,332,370,456,818,400,795,1015,1494,486,563
