대분류,중분류,소분류,피해자와의관계별,2011,2012,2013,2014,2015,2016,2017,2018,2019,2020,2021,2022
총범죄,소계,소계,국가,450782,396105,420805,387624,379320,435303,361659,272666,246885,209423,187233,199966
총범죄,소계,소계,공무원,9593,10339,11025,13553,10740,11005,9650,7736,7139,6208,5087,5685
총범죄,소계,소계,고용자,10444,8053,7629,7664,7591,7197,6480,5554,5060,4613,3672,3953
총범죄,소계,소계,피고용자,3601,4419,4127,4109,3854,3847,3809,4300,4135,3992,3254,3270
총범죄,소계,소계,직장동료,12285,13767,13775,13587,13834,13761,13604,12608,11912,11335,10179,10068
총범죄,소계,소계,친구,15623,18901,16049,14958,15402,16194,16219,11762,12140,11111,10525,10992
총범죄,소계,소계,애인,11840,12195,11977,11566,13089,15595,14907,13965,13965,13064,13382,15947
총범죄,소계,소계,동거친족,11961,13969,16337,17133,30590,35198,32389,33927,41007,38042,49199,47543
총범죄,소계,소계,기타친족,6940,7782,7317,7189,8249,8726,8071,8218,8651,8226,8726,8988
총범죄,소계,소계,거래상대방,40489,44266,46018,45143,41474,42438,41167,37293,37221,35439,25999,25416
총범죄,소계,소계,이웃,20652,22200,20001,19586,17866,18133,16887,15617,15467,15232,13979,12872
총범죄,소계,소계,지인,29135,32751,32317,32701,32678,32381,31212,44369,46010,44268,36230,37118
총범죄,소계,소계,타인,476637,526419,528805,542284,540219,516003,497643,471115,481063,466746,402140,420308
총범죄,소계,소계,기타,186208,143368,112551,100905,120177,138589,118732,103421,102802,106953,109023,125924
총범죄,소계,소계,미상,529043,469281,492569,494433,536307,553235,513032,539371,552181,519769,369052,322280
소계,강력범죄,소계,국가,87,66,57,57,82,81,92,73,56,47,37,46
소계,강력범죄,소계,공무원,25,23,28,35,34,27,23,28,30,25,18,27
소계,강력범죄,소계,고용자,160,134,161,200,190,251,254,245,214,247,237,196
소계,강력범죄,소계,피고용자,143,225,289,298,293,287,358,276,258,217,214,191
소계,강력범죄,소계,직장동료,280,434,595,690,739,784,973,1004,1001,1115,1008,1032
소계,강력범죄,소계,친구,498,636,769,737,730,934,926,776,797,676,779,804
소계,강력범죄,소계,애인,655,618,736,713,730,799,788,753,751,747,685,688
소계,강력범죄,소계,동거친족,708,735,792,826,893,878,859,928,842,773,707,679
소계,강력범죄,소계,기타친족,211,278,311,312,301,283,310,335,344,342,320,340
소계,강력범죄,소계,거래상대방,256,167,265,240,252,237,282,217,188,190,144,134
소계,강력범죄,소계,이웃,656,726,787,799,682,664,630,571,590,479,401,383
소계,강력범죄,소계,지인,1150,1697,1751,1906,1798,1820,1942,2918,3079,3250,2962,2811
소계,강력범죄,소계,타인,12428,12701,13033,13925,14008,14325,15172,12692,13048,11405,9446,10634
소계,강력범죄,소계,기타,2891,783,1779,732,1083,1119,939,1072,995,892,939,1064
소계,강력범죄,소계,미상,5198,4566,3998,3595,4006,4582,5379,6414,6750,6566,5095,5988
소계,강력범죄,살인기수,국가,-,-,-,-,-,-,-,-,-,-,-,-
소계,강력범죄,살인기수,공무원,1,-,-,-,-,-,-,1,-,-,-,-
소계,강력범죄,살인기수,고용자,5,1,2,-,2,2,-,-,1,1,1,-
소계,강력범죄,살인기수,피고용자,-,1,1,1,1,-,2,1,-,-,-,2
소계,강력범죄,살인기수,직장동료,8,11,8,7,17,11,13,13,5,12,8,11
소계,강력범죄,살인기수,친구,16,12,9,17,10,10,10,7,9,8,10,5
소계,강력범죄,살인기수,애인,47,47,49,47,45,42,26,31,20,32,17,33
소계,강력범죄,살인기수,동거친족,110,117,89,105,102,101,102,95,82,82,75,70
소계,강력범죄,살인기수,기타친족,29,29,18,28,15,17,15,16,28,19,15,31
소계,강력범죄,살인기수,거래상대방,4,2,3,7,-,2,-,1,-,3,3,1
소계,강력범죄,살인기수,이웃,11,13,14,20,14,10,12,11,14,12,5,10
소계,강력범죄,살인기수,지인,28,42,30,31,30,29,29,38,35,37,38,35
소계,강력범죄,살인기수,타인,60,87,57,72,60,66,54,46,56,42,42,30
소계,강력범죄,살인기수,기타,52,9,29,11,14,20,8,14,14,10,13,6
소계,강력범죄,살인기수,미상,78,75,68,101,79,69,73,76,81,83,80,64
소계,강력범죄,살인미수등,국가,-,-,-,-,-,-,2,2,-,2,-,2
소계,강력범죄,살인미수등,공무원,2,4,2,-,-,2,1,2,2,2,1,-
소계,강력범죄,살인미수등,고용자,5,5,3,5,2,7,1,3,4,1,2,-
소계,강력범죄,살인미수등,피고용자,3,2,1,1,6,2,1,1,3,1,-,3
소계,강력범죄,살인미수등,직장동료,40,46,30,36,31,37,27,29,26,23,22,12
소계,강력범죄,살인미수등,친구,39,41,39,19,24,32,29,21,10,20,18,13
소계,강력범죄,살인미수등,애인,80,53,58,61,57,53,59,36,44,29,39,39
소계,강력범죄,살인미수등,동거친족,90,90,75,80,96,71,78,88,87,71,72,65
소계,강력범죄,살인미수등,기타친족,28,23,30,23,37,21,32,24,25,31,21,27
소계,강력범죄,살인미수등,거래상대방,5,3,5,2,2,8,9,4,1,-,2,2
소계,강력범죄,살인미수등,이웃,54,36,38,30,29,34,38,20,25,20,13,25
소계,강력범죄,살인미수등,지인,66,85,72,76,68,77,61,76,80,67,48,73
소계,강력범죄,살인미수등,타인,218,163,172,156,152,176,148,118,114,92,96,82
소계,강력범죄,살인미수등,기타,105,12,43,16,20,30,17,31,21,20,19,21
소계,강력범죄,살인미수등,미상,101,47,52,70,62,66,58,61,83,75,56,65
소계,강력범죄,강도,국가,1,7,-,-,1,-,1,-,1,1,-,-
소계,강력범죄,강도,공무원,1,1,1,1,3,-,1,-,1,-,-,-
소계,강력범죄,강도,고용자,17,10,2,7,2,5,6,2,1,3,2,1
소계,강력범죄,강도,피고용자,3,16,3,5,3,1,6,4,7,2,2,2
소계,강력범죄,강도,직장동료,18,10,13,17,17,8,8,2,6,11,2,3
소계,강력범죄,강도,친구,74,40,38,39,38,38,35,27,27,20,20,22
소계,강력범죄,강도,애인,58,30,30,32,26,28,28,19,15,23,11,7
소계,강력범죄,강도,동거친족,21,10,7,4,8,4,6,1,2,5,2,4
소계,강력범죄,강도,기타친족,13,13,9,12,13,6,7,5,6,9,2,8
소계,강력범죄,강도,거래상대방,97,39,88,38,49,31,57,16,22,15,15,17
소계,강력범죄,강도,이웃,51,28,25,22,22,16,25,13,14,3,10,8
소계,강력범죄,강도,지인,179,138,117,89,110,84,80,77,87,53,60,51
소계,강력범죄,강도,타인,3172,2495,1893,1592,1481,1235,995,785,890,805,513,543
소계,강력범죄,강도,기타,695,235,146,43,73,102,63,29,35,40,16,25
소계,강력범죄,강도,미상,490,250,221,177,153,158,138,185,222,212,93,73
소계,강력범죄,강간・강제추행,국가,1,-,-,-,-,-,-,-,-,-,-,-
소계,강력범죄,강간・강제추행,공무원,12,7,-,-,-,-,-,-,-,-,-,-
소계,강력범죄,강간・강제추행,고용자,114,98,-,-,-,-,-,-,-,-,-,-
소계,강력범죄,강간・강제추행,피고용자,125,203,-,-,-,-,-,-,-,-,-,-
소계,강력범죄,강간・강제추행,직장동료,206,359,-,-,-,-,-,-,-,-,-,-
소계,강력범죄,강간・강제추행,친구,359,533,-,-,-,-,-,-,-,-,-,-
소계,강력범죄,강간・강제추행,애인,388,407,-,-,-,-,-,-,-,-,-,-
소계,강력범죄,강간・강제추행,동거친족,292,345,-,-,-,-,-,-,-,-,-,-
소계,강력범죄,강간・강제추행,기타친족,97,175,-,-,-,-,-,-,-,-,-,-
소계,강력범죄,강간・강제추행,거래상대방,91,111,-,-,-,-,-,-,-,-,-,-
소계,강력범죄,강간・강제추행,이웃,451,576,-,-,-,-,-,-,-,-,-,-
소계,강력범죄,강간・강제추행,지인,835,1380,-,-,-,-,-,-,-,-,-,-
소계,강력범죄,강간・강제추행,타인,8506,9419,-,-,-,-,-,-,-,-,-,-
소계,강력범죄,강간・강제추행,기타,1811,314,-,-,-,-,-,-,-,-,-,-
소계,강력범죄,강간・강제추행,미상,4364,4085,-,-,-,-,-,-,-,-,-,-
소계,강력범죄,강간,국가,-,-,-,-,-,-,1,5,1,-,1,-
소계,강력범죄,강간,공무원,-,-,-,1,1,1,3,-,1,1,-,1
소계,강력범죄,강간,고용자,-,-,27,24,23,25,30,29,22,33,13,18
소계,강력범죄,강간,피고용자,-,-,49,61,52,46,62,37,43,29,16,19
소계,강력범죄,강간,직장동료,-,-,144,150,129,146,175,124,124,136,125,130
소계,강력범죄,강간,친구,-,-,275,318,260,323,303,234,230,206,218,209
소계,강력범죄,강간,애인,-,-,398,338,358,453,407,403,440,420,394,384
소계,강력범죄,강간,동거친족,-,-,185,185,192,193,223,212,186,165,169,151
소계,강력범죄,강간,기타친족,-,-,82,63,76,72,71,74,74,58,70,74
소계,강력범죄,강간,거래상대방,-,-,28,25,24,28,32,28,19,29,12,11
소계,강력범죄,강간,이웃,-,-,139,123,116,138,93,92,91,63,55,39
소계,강력범죄,강간,지인,-,-,665,712,614,608,617,835,946,1021,927,860
소계,강력범죄,강간,타인,-,-,1988,2060,2059,1907,1982,1488,1525,1548,1508,1492
소계,강력범죄,강간,기타,-,-,479,176,241,223,162,211,211,181,237,218
소계,강력범죄,강간,미상,-,-,1397,1281,1476,1666,1782,2175,2225,2223,1848,2000
소계,강력범죄,유사강간,국가,-,-,-,-,-,-,1,-,-,-,-,-
소계,강력범죄,유사강간,공무원,-,-,-,-,-,-,-,-,-,-,-,-
소계,강력범죄,유사강간,고용자,-,-,1,1,3,1,6,5,5,3,9,3
소계,강력범죄,유사강간,피고용자,-,-,1,2,5,7,2,2,4,4,5,5
소계,강력범죄,유사강간,직장동료,-,-,3,9,17,18,25,26,22,32,34,25
소계,강력범죄,유사강간,친구,-,-,10,30,36,57,62,66,65,50,78,58
소계,강력범죄,유사강간,애인,-,-,7,17,29,22,30,41,40,46,45,48
소계,강력범죄,유사강간,동거친족,-,-,5,10,23,22,33,35,36,33,29,21
소계,강력범죄,유사강간,기타친족,-,-,2,5,6,6,11,10,10,9,14,11
소계,강력범죄,유사강간,거래상대방,-,-,2,-,2,9,7,5,4,2,4,4
소계,강력범죄,유사강간,이웃,-,-,7,9,16,12,16,15,15,24,7,12
소계,강력범죄,유사강간,지인,-,-,20,57,76,64,94,161,175,186,166,180
소계,강력범죄,유사강간,타인,-,-,60,180,199,243,255,261,266,272,211,307
소계,강력범죄,유사강간,기타,-,-,7,15,17,31,27,35,32,42,34,48
소계,강력범죄,유사강간,미상,-,-,11,54,106,106,125,186,221,231,198,195
소계,강력범죄,강제추행,국가,-,-,-,-,-,-,20,10,3,-,1,-
소계,강력범죄,강제추행,공무원,-,-,14,7,25,15,12,15,21,14,15,19
소계,강력범죄,강제추행,고용자,-,-,110,138,137,193,192,199,168,202,204,172
소계,강력범죄,강제추행,피고용자,-,-,213,214,219,223,280,225,199,173,184,152
소계,강력범죄,강제추행,직장동료,-,-,374,444,513,545,709,800,807,890,809,839
소계,강력범죄,강제추행,친구,-,-,258,243,309,419,444,394,423,361,413,473
소계,강력범죄,강제추행,애인,-,-,74,82,96,115,139,127,117,136,124,122
소계,강력범죄,강제추행,동거친족,-,-,186,212,221,246,238,284,239,240,202,195
소계,강력범죄,강제추행,기타친족,-,-,97,116,101,110,124,150,143,162,153,139
소계,강력범죄,강제추행,거래상대방,-,-,118,138,141,139,156,141,126,124,99,85
소계,강력범죄,강제추행,이웃,-,-,353,402,368,369,353,329,344,291,243,229
소계,강력범죄,강제추행,지인,-,-,588,773,792,841,998,1617,1636,1785,1643,1545
소계,강력범죄,강제추행,타인,-,-,7404,8642,9176,9958,11082,9292,9534,8046,6607,7600
소계,강력범죄,강제추행,기타,-,-,727,326,498,512,500,579,512,467,494,601
소계,강력범죄,강제추행,미상,-,-,1980,1663,1892,2331,3025,3469,3620,3491,2691,3403
소계,강력범죄,기타 강간·강제추행등,국가,-,-,-,-,-,-,-,-,-,-,-,1
소계,강력범죄,기타 강간·강제추행등,공무원,-,-,-,1,-,-,-,-,-,-,-,-
소계,강력범죄,기타 강간·강제추행등,고용자,-,-,3,3,1,2,4,1,2,2,-,2
소계,강력범죄,기타 강간·강제추행등,피고용자,-,-,15,3,5,4,2,1,-,2,-,1
소계,강력범죄,기타 강간·강제추행등,직장동료,-,-,13,20,6,11,4,3,5,4,4,4
소계,강력범죄,기타 강간·강제추행등,친구,-,-,129,65,45,47,41,20,29,10,15,18
소계,강력범죄,기타 강간·강제추행등,애인,-,-,54,46,26,21,28,20,21,14,17,16
소계,강력범죄,기타 강간·강제추행등,동거친족,-,-,28,11,28,18,10,12,15,11,14,11
소계,강력범죄,기타 강간·강제추행등,기타친족,-,-,16,10,8,9,11,14,14,12,9,15
소계,강력범죄,기타 강간·강제추행등,거래상대방,-,-,8,10,2,1,1,2,3,1,1,1
소계,강력범죄,기타 강간·강제추행등,이웃,-,-,115,93,38,24,22,24,16,14,9,14
소계,강력범죄,기타 강간·강제추행등,지인,-,-,206,120,66,79,34,53,77,63,38,33
소계,강력범죄,기타 강간·강제추행등,타인,-,-,951,610,328,234,170,208,208,138,106,108
소계,강력범죄,기타 강간·강제추행등,기타,-,-,173,56,23,20,11,18,31,12,19,10
소계,강력범죄,기타 강간·강제추행등,미상,-,-,176,145,110,51,33,82,74,66,39,49
소계,강력범죄,방화,국가,85,59,57,57,81,81,67,56,51,44,35,43
소계,강력범죄,방화,공무원,9,11,11,25,5,9,6,10,5,8,2,7
소계,강력범죄,방화,고용자,19,20,13,22,20,16,15,6,11,2,6,-
소계,강력범죄,방화,피고용자,12,3,6,11,2,4,3,5,2,6,7,7
소계,강력범죄,방화,직장동료,8,8,10,7,9,8,12,7,6,7,4,8
소계,강력범죄,방화,친구,10,10,11,6,8,8,2,7,4,1,7,6
소계,강력범죄,방화,애인,82,81,66,90,93,65,71,76,54,47,38,39
소계,강력범죄,방화,동거친족,195,173,217,219,223,223,169,201,195,166,144,162
소계,강력범죄,방화,기타친족,44,38,57,55,45,42,39,42,44,42,36,35
소계,강력범죄,방화,거래상대방,59,12,13,20,32,19,20,20,13,16,8,13
소계,강력범죄,방화,이웃,89,73,96,100,79,61,71,67,71,52,59,46
소계,강력범죄,방화,지인,42,52,53,48,42,38,29,61,43,38,42,34
소계,강력범죄,방화,타인,472,537,508,613,553,506,486,494,455,462,363,472
소계,강력범죄,방화,기타,228,213,175,89,197,181,151,155,139,120,107,135
소계,강력범죄,방화,미상,165,109,93,104,128,135,145,180,224,185,90,139
소계,절도범죄,소계,국가,700,559,503,212,309,254,245,90,144,202,119,94
소계,절도범죄,소계,공무원,79,53,42,46,35,38,36,23,24,30,14,19
소계,절도범죄,소계,고용자,3120,2209,1928,1712,1664,1589,1484,995,735,636,410,495
소계,절도범죄,소계,피고용자,690,667,638,548,468,468,447,612,532,421,310,268
소계,절도범죄,소계,직장동료,863,795,863,770,841,848,731,594,548,479,371,380
소계,절도범죄,소계,친구,1714,2013,1961,1335,1402,1275,1192,714,648,667,539,616
소계,절도범죄,소계,애인,877,722,694,650,629,728,674,515,479,434,343,283
소계,절도범죄,소계,동거친족,250,163,187,164,122,122,115,64,67,69,45,56
소계,절도범죄,소계,기타친족,308,296,256,274,201,212,233,170,168,150,129,126
소계,절도범죄,소계,거래상대방,1498,1264,1315,1197,1333,1415,1605,1247,1275,1295,1145,1175
소계,절도범죄,소계,이웃,1514,1289,1162,1175,1181,1299,1367,1129,1175,1206,1153,1190
소계,절도범죄,소계,지인,2747,2346,2532,2260,2200,2202,2155,2412,2338,2141,1580,1484
소계,절도범죄,소계,타인,74105,76396,78544,75549,79751,82746,81898,69340,72746,73966,68361,75025
소계,절도범죄,소계,기타,12893,8283,4770,2362,4729,4329,3633,2273,2224,2476,2909,3585
소계,절도범죄,소계,미상,10032,7379,7263,7391,8301,8890,9880,17156,18192,14253,8259,9519
소계,폭력범죄,소계,국가,239,469,309,321,522,451,311,309,263,296,107,227
소계,폭력범죄,소계,공무원,484,546,424,411,294,261,280,240,205,183,121,128
소계,폭력범죄,소계,고용자,1455,1044,856,838,970,853,724,646,583,578,447,403
소계,폭력범죄,소계,피고용자,1068,1225,1006,899,839,856,899,796,710,737,500,494
소계,폭력범죄,소계,직장동료,8559,9416,9077,8570,8604,8185,7922,7252,6620,5831,5130,5166
소계,폭력범죄,소계,친구,10363,12731,9584,9259,9319,9792,9835,7006,7346,6069,5913,6239
소계,폭력범죄,소계,애인,8256,8636,8203,7828,9078,11016,10326,9372,9210,8197,8593,9338
소계,폭력범죄,소계,동거친족,9287,11005,13373,13801,27127,30772,27689,28919,35073,31265,36424,35340
소계,폭력범죄,소계,기타친족,4291,4707,4307,4326,5462,5904,5289,5281,5587,5335,5447,5589
소계,폭력범죄,소계,거래상대방,4537,5454,4898,4943,4151,4069,3888,3472,3198,2802,2433,2298
소계,폭력범죄,소계,이웃,13366,14246,12526,12021,10782,10690,9881,9272,9235,9061,8345,7423
소계,폭력범죄,소계,지인,17000,19488,17550,17466,16589,15956,15157,19696,19780,18552,15284,15252
소계,폭력범죄,소계,타인,164143,178771,165195,159915,146312,142068,137163,121262,117725,110442,93151,101611
소계,폭력범죄,소계,기타,41628,26522,18621,8509,12316,12119,9067,8393,7703,7502,8352,8473
소계,폭력범죄,소계,미상,107366,106022,103984,109168,120358,127973,125080,127053,123323,107140,73982,76692
소계,폭력범죄,상해,국가,-,-,-,-,2,-,12,11,15,16,4,10
소계,폭력범죄,상해,공무원,106,117,73,55,52,45,59,31,39,30,22,20
소계,폭력범죄,상해,고용자,378,316,221,212,216,247,162,154,113,111,84,71
소계,폭력범죄,상해,피고용자,404,442,338,274,276,275,285,198,154,123,94,91
소계,폭력범죄,상해,직장동료,4224,4760,4350,3894,3826,3972,3745,3133,2686,2316,1922,1628
소계,폭력범죄,상해,친구,3386,3785,3102,2949,3117,3483,3310,2494,2375,1915,1902,1787
소계,폭력범죄,상해,애인,3073,3017,2566,2270,2313,2906,2573,2368,2128,1970,1870,1781
소계,폭력범죄,상해,동거친족,3421,3853,3807,3730,4603,5212,4778,4555,4905,4037,3673,3163
소계,폭력범죄,상해,기타친족,1498,1649,1386,1312,1324,1591,1290,1299,1200,1170,1017,901
소계,폭력범죄,상해,거래상대방,1297,1598,1142,1051,898,823,691,559,492,406,310,263
소계,폭력범죄,상해,이웃,5105,5499,4515,3922,3389,3404,2898,2454,2176,2216,1732,1395
소계,폭력범죄,상해,지인,6553,7655,6350,5915,5519,6082,5512,6693,6357,5836,4822,4433
소계,폭력범죄,상해,타인,40847,44604,37260,34453,29850,30111,27011,22019,19981,17813,14053,13660
소계,폭력범죄,상해,기타,11185,1460,4533,1623,1789,2407,1754,1500,1240,1173,1072,999
소계,폭력범죄,상해,미상,7661,6095,5563,5225,4885,5137,4771,5399,4993,4420,3011,2996
소계,폭력범죄,폭행,국가,2,2,-,-,1,-,5,32,7,10,-,10
소계,폭력범죄,폭행,공무원,166,223,221,201,123,125,139,116,104,73,53,70
소계,폭력범죄,폭행,고용자,279,273,222,233,301,276,269,263,246,230,182,178
소계,폭력범죄,폭행,피고용자,350,347,356,326,315,390,442,397,352,291,210,218
소계,폭력범죄,폭행,직장동료,2160,2282,2370,2554,2636,3228,3261,3347,3126,2750,2510,2813
소계,폭력범죄,폭행,친구,1808,2477,2352,2390,2757,3604,3611,2476,2605,2219,2117,2452
소계,폭력범죄,폭행,애인,2638,2832,2859,2719,3680,5069,4623,4073,3977,3280,3639,4289
소계,폭력범죄,폭행,동거친족,3655,4418,6032,6390,16204,20332,18115,18906,22378,19721,24474,23996
소계,폭력범죄,폭행,기타친족,1035,1149,1206,1226,2097,2574,2370,2314,2509,2402,2595,2830
소계,폭력범죄,폭행,거래상대방,1539,1754,1829,1857,1672,1816,1845,1650,1578,1378,1200,1159
소계,폭력범죄,폭행,이웃,3614,3811,3637,3708,3367,3876,3797,3632,3651,3408,3137,2910
소계,폭력범죄,폭행,지인,4492,4926,5107,5433,5531,6094,6147,8180,8472,7684,6058,6673
소계,폭력범죄,폭행,타인,50129,54834,55602,56905,55744,60979,61307,56877,56014,52159,43389,50087
소계,폭력범죄,폭행,기타,11554,8858,5426,2408,2888,3979,2583,3129,2945,2658,3113,3496
소계,폭력범죄,폭행,미상,78361,79789,79118,84816,94992,104515,102231,99409,94746,80185,52957,55051
소계,폭력범죄,체포・감금,국가,-,-,-,-,-,-,-,-,-,-,-,-
소계,폭력범죄,체포・감금,공무원,-,3,2,2,-,-,-,-,-,1,-,-
소계,폭력범죄,체포・감금,고용자,8,6,3,7,2,8,7,6,3,4,4,3
소계,폭력범죄,체포・감금,피고용자,8,11,7,13,9,15,14,10,3,11,16,12
소계,폭력범죄,체포・감금,직장동료,12,21,9,11,5,11,22,13,20,19,17,18
소계,폭력범죄,체포・감금,친구,7,10,15,9,13,31,64,31,50,65,28,32
소계,폭력범죄,체포・감금,애인,139,161,188,177,212,348,382,289,254,221,252,265
소계,폭력범죄,체포・감금,동거친족,25,39,52,58,66,116,170,88,124,95,113,97
소계,폭력범죄,체포・감금,기타친족,34,35,21,25,24,40,63,32,51,58,41,28
소계,폭력범죄,체포・감금,거래상대방,22,18,22,19,19,27,19,23,12,11,10,11
소계,폭력범죄,체포・감금,이웃,7,6,11,11,12,12,13,14,14,14,9,12
소계,폭력범죄,체포・감금,지인,43,93,57,54,81,97,90,123,123,120,127,141
소계,폭력범죄,체포・감금,타인,187,234,203,201,253,364,374,266,279,323,289,240
소계,폭력범죄,체포・감금,기타,112,27,59,24,32,53,42,43,36,47,68,52
소계,폭력범죄,체포・감금,미상,365,449,437,507,498,565,651,670,685,706,547,521
소계,폭력범죄,협박,국가,7,10,3,7,6,36,41,32,37,34,6,18
소계,폭력범죄,협박,공무원,8,8,3,11,11,12,18,14,11,16,10,10
소계,폭력범죄,협박,고용자,32,18,22,22,29,59,60,60,48,47,48,40
소계,폭력범죄,협박,피고용자,19,31,16,19,23,53,49,52,54,49,48,39
소계,폭력범죄,협박,직장동료,37,62,55,60,95,214,218,232,290,267,291,300
소계,폭력범죄,협박,친구,36,73,62,76,92,193,226,178,202,207,251,288
소계,폭력범죄,협박,애인,171,203,216,201,416,955,969,924,976,1006,1037,1146
소계,폭력범죄,협박,동거친족,98,167,181,219,959,2263,2160,2554,3678,3413,4073,4212
소계,폭력범죄,협박,기타친족,94,107,80,117,283,439,423,515,638,601,748,739
소계,폭력범죄,협박,거래상대방,89,109,117,120,139,158,187,192,204,188,216,181
소계,폭력범죄,협박,이웃,179,242,190,209,352,722,620,748,868,862,912,926
소계,폭력범죄,협박,지인,188,261,242,248,415,621,625,890,1132,1167,1084,1072
소계,폭력범죄,협박,타인,829,1067,1244,1408,2572,5871,5808,5562,6342,6686,6311,6258
소계,폭력범죄,협박,기타,396,449,296,163,470,777,650,589,759,740,894,910
소계,폭력범죄,협박,미상,1672,1925,1955,2280,3335,4452,4545,5795,7138,7224,6094,6312
소계,폭력범죄,약취・유인,국가,-,-,-,-,-,-,-,1,-,-,-,-
소계,폭력범죄,약취・유인,공무원,-,-,-,-,-,-,-,-,-,-,-,-
소계,폭력범죄,약취・유인,고용자,1,2,1,4,1,-,-,1,3,1,2,1
소계,폭력범죄,약취・유인,피고용자,1,10,2,11,1,6,3,-,-,1,4,1
소계,폭력범죄,약취・유인,직장동료,-,1,-,-,2,1,4,-,1,-,-,-
소계,폭력범죄,약취・유인,친구,3,3,3,-,5,5,3,-,2,6,7,1
소계,폭력범죄,약취・유인,애인,3,4,2,5,4,9,2,7,4,3,9,7
소계,폭력범죄,약취・유인,동거친족,8,5,10,11,9,14,10,7,17,15,14,19
소계,폭력범죄,약취・유인,기타친족,17,8,21,28,16,33,27,24,29,23,43,22
소계,폭력범죄,약취・유인,거래상대방,-,1,-,2,2,3,3,3,3,-,1,1
소계,폭력범죄,약취・유인,이웃,5,4,4,1,2,3,8,3,2,1,5,4
소계,폭력범죄,약취・유인,지인,6,8,9,4,4,10,2,13,15,8,23,14
소계,폭력범죄,약취・유인,타인,153,139,85,109,111,118,127,114,129,106,102,108
소계,폭력범죄,약취・유인,기타,45,12,32,4,6,14,7,4,6,9,20,13
소계,폭력범죄,약취・유인,미상,98,73,91,73,89,89,89,83,140,123,88,130
소계,폭력범죄,폭력행위등,국가,106,321,222,243,429,297,134,151,127,145,40,122
소계,폭력범죄,폭력행위등,공무원,156,127,60,73,66,35,14,27,6,31,11,5
소계,폭력범죄,폭력행위등,고용자,573,286,258,226,261,120,98,42,64,89,47,39
소계,폭력범죄,폭력행위등,피고용자,224,301,211,194,135,50,33,47,50,170,47,51
소계,폭력범죄,폭력행위등,직장동료,1971,2083,2101,1867,1821,527,430,293,289,274,182,207
소계,폭력범죄,폭력행위등,친구,4703,5525,3526,3390,2907,2004,2099,1477,1765,1283,1217,1233
소계,폭력범죄,폭력행위등,애인,1064,1223,1175,1108,1102,109,58,43,44,43,45,32
소계,폭력범죄,폭력행위등,동거친족,1573,1881,2434,2444,3388,300,159,133,135,117,117,89
소계,폭력범죄,폭력행위등,기타친족,1135,1270,1098,1092,1076,494,410,370,332,300,260,266
소계,폭력범죄,폭력행위등,거래상대방,1030,1141,1055,1072,745,476,357,345,235,169,135,179
소계,폭력범죄,폭력행위등,이웃,2716,2902,2405,2282,1930,664,485,412,387,343,448,350
소계,폭력범죄,폭력행위등,지인,4362,5003,4470,4447,3715,1632,1427,1860,1707,1672,1278,1324
소계,폭력범죄,폭력행위등,타인,54902,58790,52189,47094,39232,24680,22524,17593,15648,13920,11430,12615
소계,폭력범죄,폭력행위등,기타,14105,11834,6077,3056,5132,2599,2195,1585,1162,1238,1494,1199
소계,폭력범죄,폭력행위등,미상,14803,13569,12577,11525,11063,6976,6224,7507,6674,5548,3775,3715
소계,폭력범죄,공갈,국가,39,14,12,22,13,41,49,18,17,23,1,5
소계,폭력범죄,공갈,공무원,10,11,5,8,2,4,3,-,4,3,1,-
소계,폭력범죄,공갈,고용자,23,30,30,25,41,24,26,28,27,15,8,14
소계,폭력범죄,공갈,피고용자,17,23,18,20,18,14,27,16,22,12,26,16
소계,폭력범죄,공갈,직장동료,16,28,28,22,26,36,27,47,21,26,32,27
소계,폭력범죄,공갈,친구,251,620,288,210,185,211,272,175,154,180,194,250
소계,폭력범죄,공갈,애인,82,100,75,79,65,118,86,87,79,72,60,77
소계,폭력범죄,공갈,동거친족,3,2,2,6,4,7,5,9,4,11,18,6
소계,폭력범죄,공갈,기타친족,7,17,23,20,12,14,27,16,23,19,23,27
소계,폭력범죄,공갈,거래상대방,80,136,84,142,90,103,109,63,77,64,80,35
소계,폭력범죄,공갈,이웃,37,46,30,58,28,26,25,15,19,8,10,13
소계,폭력범죄,공갈,지인,291,500,238,254,239,251,280,327,357,372,325,252
소계,폭력범죄,공갈,타인,1511,2320,1259,1770,1162,1495,1372,952,1028,1137,1010,964
소계,폭력범죄,공갈,기타,596,887,380,189,198,321,314,225,184,192,183,207
소계,폭력범죄,공갈,미상,823,721,717,849,847,973,951,1543,1536,1300,804,861
소계,폭력범죄,손괴,국가,85,122,72,49,71,77,70,64,60,68,56,62
소계,폭력범죄,손괴,공무원,38,57,60,61,40,40,47,52,41,29,24,23
소계,폭력범죄,손괴,고용자,161,113,99,109,119,119,102,92,79,81,72,57
소계,폭력범죄,손괴,피고용자,45,60,58,42,62,53,46,76,75,80,55,66
소계,폭력범죄,손괴,직장동료,139,179,164,162,193,196,215,187,187,179,176,173
소계,폭력범죄,손괴,친구,169,238,236,235,243,261,250,175,193,194,197,196
소계,폭력범죄,손괴,애인,1086,1096,1122,1269,1286,1502,1633,1581,1748,1602,1681,1741
소계,폭력범죄,손괴,동거친족,504,640,855,943,1894,2528,2292,2667,3832,3856,3942,3758
소계,폭력범죄,손괴,기타친족,471,472,472,506,630,719,679,711,805,762,720,776
소계,폭력범죄,손괴,거래상대방,480,697,649,680,586,663,677,637,597,586,481,469
소계,폭력범죄,손괴,이웃,1703,1736,1734,1830,1702,1983,2035,1994,2118,2209,2092,1813
소계,폭력범죄,손괴,지인,1065,1042,1077,1111,1085,1169,1074,1610,1617,1693,1567,1343
소계,폭력범죄,손괴,타인,15585,16783,17353,17975,17388,18450,18640,17879,18304,18298,16567,17679
소계,폭력범죄,손괴,기타,3635,2995,1818,1042,1801,1969,1522,1318,1371,1445,1508,1597
소계,폭력범죄,손괴,미상,3583,3401,3526,3893,4649,5266,5618,6647,7411,7634,6706,7106
소계,지능범죄,소계,국가,12636,10830,10584,10066,8970,8783,8601,7202,8042,6063,3089,3237
소계,지능범죄,소계,공무원,265,249,199,222,219,197,191,133,198,122,139,101
소계,지능범죄,소계,고용자,3557,3134,3236,3237,3492,3124,2768,2488,2216,2019,1545,1769
소계,지능범죄,소계,피고용자,724,1030,1131,1050,1181,1033,939,1420,1397,1423,1074,1235
소계,지능범죄,소계,직장동료,982,1179,1295,1375,1454,1545,1532,1370,1309,1278,1083,1123
소계,지능범죄,소계,친구,1511,1621,1911,1956,2172,2306,2175,1791,1797,1841,1338,1399
소계,지능범죄,소계,애인,959,927,1005,1002,1135,1177,1199,1229,1193,1221,894,1024
소계,지능범죄,소계,동거친족,322,337,322,275,276,261,268,218,207,196,171,197
소계,지능범죄,소계,기타친족,1132,1204,1276,1101,1117,981,953,1054,1004,843,797,776
소계,지능범죄,소계,거래상대방,26705,27792,30729,29683,27743,27956,26362,24690,25464,24748,17778,17462
소계,지능범죄,소계,이웃,1515,1533,1445,1433,1351,1432,1266,923,745,685,510,499
소계,지능범죄,소계,지인,5096,5493,6741,6560,7918,7996,7568,12240,13012,12752,9570,10286
소계,지능범죄,소계,타인,39972,45279,57781,60088,68176,66684,66008,72472,82191,84290,66830,66886
소계,지능범죄,소계,기타,38837,30189,20850,22379,22384,22177,19220,18412,21422,22316,18517,18676
소계,지능범죄,소계,미상,195186,149446,165520,145672,146791,141373,130067,146472,148585,147909,87046,95030
소계,지능범죄,직무유기,국가,116,97,92,83,111,104,82,36,52,41,24,29
소계,지능범죄,직무유기,공무원,4,-,-,1,1,1,-,-,3,7,8,2
소계,지능범죄,직무유기,고용자,-,-,-,-,-,-,-,-,-,-,-,-
소계,지능범죄,직무유기,피고용자,-,-,-,-,-,-,-,1,-,-,-,-
소계,지능범죄,직무유기,직장동료,-,-,-,-,-,1,-,5,-,-,-,1
소계,지능범죄,직무유기,친구,-,-,-,-,-,-,-,-,-,-,-,-
소계,지능범죄,직무유기,애인,-,-,-,-,-,1,-,-,-,-,-,-
소계,지능범죄,직무유기,동거친족,-,-,-,-,-,-,-,-,-,-,-,-
소계,지능범죄,직무유기,기타친족,-,-,-,-,-,-,-,-,-,-,-,-
소계,지능범죄,직무유기,거래상대방,10,5,-,-,-,5,2,-,2,2,2,2
소계,지능범죄,직무유기,이웃,1,-,-,1,1,-,-,-,-,-,-,1
소계,지능범죄,직무유기,지인,-,1,1,-,3,-,-,4,-,-,-,1
소계,지능범죄,직무유기,타인,9,37,39,35,23,20,20,28,25,21,50,10
소계,지능범죄,직무유기,기타,58,56,37,24,33,21,16,12,15,6,23,11
소계,지능범죄,직무유기,미상,471,627,633,657,688,489,543,627,691,870,703,777
소계,지능범죄,직권남용,국가,20,32,23,17,23,28,35,67,38,43,25,17
소계,지능범죄,직권남용,공무원,7,5,3,1,8,8,11,9,21,13,8,1
소계,지능범죄,직권남용,고용자,1,-,-,1,1,-,-,1,-,-,-,-
소계,지능범죄,직권남용,피고용자,-,-,-,-,-,-,1,1,1,-,-,-
소계,지능범죄,직권남용,직장동료,-,4,6,2,1,3,5,15,5,5,8,3
소계,지능범죄,직권남용,친구,-,-,1,-,1,1,-,-,-,-,-,-
소계,지능범죄,직권남용,애인,-,-,-,-,1,-,-,-,-,-,-,-
소계,지능범죄,직권남용,동거친족,-,-,-,-,-,-,-,-,-,-,-,-
소계,지능범죄,직권남용,기타친족,-,-,-,-,-,1,1,-,-,-,-,-
소계,지능범죄,직권남용,거래상대방,1,7,1,5,7,1,5,10,4,4,2,5
소계,지능범죄,직권남용,이웃,-,-,-,-,-,-,-,1,-,-,-,-
소계,지능범죄,직권남용,지인,-,1,-,-,-,1,-,-,-,1,1,1
소계,지능범죄,직권남용,타인,42,25,67,50,29,25,50,46,54,49,48,14
소계,지능범죄,직권남용,기타,31,24,17,26,21,26,35,29,35,16,57,28
소계,지능범죄,직권남용,미상,255,311,405,493,495,483,536,632,816,890,708,951
소계,지능범죄,증수뢰,국가,550,421,400,445,309,420,558,537,374,271,165,182
소계,지능범죄,증수뢰,공무원,15,21,6,4,37,8,24,6,5,5,3,3
소계,지능범죄,증수뢰,고용자,2,-,1,3,3,3,-,-,3,4,1,2
소계,지능범죄,증수뢰,피고용자,2,1,-,-,-,1,-,-,3,1,-,1
소계,지능범죄,증수뢰,직장동료,1,-,1,1,3,7,2,5,2,6,2,-
소계,지능범죄,증수뢰,친구,-,-,-,-,-,-,-,-,2,1,2,-
소계,지능범죄,증수뢰,애인,-,-,-,-,-,-,-,-,-,-,-,-
소계,지능범죄,증수뢰,동거친족,-,-,-,-,-,-,-,-,-,1,-,-
소계,지능범죄,증수뢰,기타친족,-,-,-,-,-,-,-,-,-,-,-,-
소계,지능범죄,증수뢰,거래상대방,67,22,28,9,9,26,33,15,14,14,7,8
소계,지능범죄,증수뢰,이웃,1,2,-,-,-,1,-,-,-,-,-,-
소계,지능범죄,증수뢰,지인,4,6,3,4,8,3,17,15,15,9,4,4
소계,지능범죄,증수뢰,타인,67,14,54,23,34,15,70,61,88,84,41,25
소계,지능범죄,증수뢰,기타,313,174,184,167,211,132,176,174,181,127,155,170
소계,지능범죄,증수뢰,미상,217,171,178,192,228,172,248,318,255,284,271,308
소계,지능범죄,통화,국가,51,38,89,63,64,53,59,20,18,7,13,7
소계,지능범죄,통화,공무원,-,-,1,-,-,-,-,-,-,-,-,-
소계,지능범죄,통화,고용자,-,-,-,-,-,-,-,-,-,-,-,-
소계,지능범죄,통화,피고용자,-,1,-,-,-,-,-,-,-,-,-,-
소계,지능범죄,통화,직장동료,-,-,1,-,-,-,-,-,-,-,-,-
소계,지능범죄,통화,친구,-,1,-,-,1,1,-,-,-,-,-,-
소계,지능범죄,통화,애인,-,-,-,-,-,-,-,-,-,-,-,-
소계,지능범죄,통화,동거친족,-,-,-,-,-,-,1,-,-,-,-,-
소계,지능범죄,통화,기타친족,-,-,-,-,-,-,-,-,-,-,-,-
소계,지능범죄,통화,거래상대방,7,-,5,2,10,1,3,-,1,1,1,1
소계,지능범죄,통화,이웃,-,-,-,-,-,-,-,-,-,-,-,-
소계,지능범죄,통화,지인,-,-,-,-,1,-,-,-,-,-,-,-
소계,지능범죄,통화,타인,13,36,26,18,22,21,62,47,34,10,6,6
소계,지능범죄,통화,기타,16,29,6,7,7,17,15,8,3,9,3,2
소계,지능범죄,통화,미상,34,58,306,244,181,127,391,180,87,59,35,26
소계,지능범죄,문서・인장,국가,5357,4336,4242,3246,3018,2907,2431,1802,1969,1695,1143,1326
소계,지능범죄,문서・인장,공무원,118,118,107,108,113,112,72,39,114,61,85,70
소계,지능범죄,문서・인장,고용자,86,87,105,87,78,80,84,90,91,69,66,56
소계,지능범죄,문서・인장,피고용자,24,48,39,45,61,53,44,60,49,52,48,37
소계,지능범죄,문서・인장,직장동료,88,102,110,126,122,141,121,101,97,94,96,82
소계,지능범죄,문서・인장,친구,80,102,138,165,204,212,146,117,96,86,74,58
소계,지능범죄,문서・인장,애인,59,69,46,71,71,63,47,69,45,61,36,29
소계,지능범죄,문서・인장,동거친족,234,232,224,206,207,187,187,152,149,136,119,128
소계,지능범죄,문서・인장,기타친족,361,371,381,397,388,374,313,357,352,289,309,267
소계,지능범죄,문서・인장,거래상대방,743,701,923,1034,795,825,810,599,614,557,447,377
소계,지능범죄,문서・인장,이웃,95,121,96,98,99,117,90,90,72,61,54,52
소계,지능범죄,문서・인장,지인,215,289,334,371,453,441,359,486,524,529,419,397
소계,지능범죄,문서・인장,타인,1411,1935,2392,2664,2496,2320,2051,1679,1682,1730,1509,1568
소계,지능범죄,문서・인장,기타,2863,2204,1782,1685,1780,1617,1244,1047,1182,1238,1096,1411
소계,지능범죄,문서・인장,미상,10371,8764,9487,9157,9137,8575,7919,8888,9217,8807,5940,6006
소계,지능범죄,유가증권인지,국가,45,23,40,51,21,21,25,22,16,10,-,4
소계,지능범죄,유가증권인지,공무원,-,-,-,-,-,-,4,-,-,-,-,-
소계,지능범죄,유가증권인지,고용자,4,4,2,5,3,1,1,1,4,-,-,-
소계,지능범죄,유가증권인지,피고용자,-,-,-,2,1,-,2,1,-,-,-,-
소계,지능범죄,유가증권인지,직장동료,3,1,-,2,-,2,2,1,1,1,1,1
소계,지능범죄,유가증권인지,친구,1,4,2,1,2,2,2,2,-,-,1,1
소계,지능범죄,유가증권인지,애인,1,-,1,2,1,-,-,2,1,-,-,-
소계,지능범죄,유가증권인지,동거친족,7,2,2,-,2,5,2,-,-,1,1,1
소계,지능범죄,유가증권인지,기타친족,7,5,5,1,1,5,2,2,4,-,2,3
소계,지능범죄,유가증권인지,거래상대방,71,49,30,47,35,29,25,12,10,7,6,3
소계,지능범죄,유가증권인지,이웃,2,-,1,-,-,-,-,-,-,-,-,-
소계,지능범죄,유가증권인지,지인,11,6,12,12,7,13,8,6,9,8,2,2
소계,지능범죄,유가증권인지,타인,93,77,66,64,59,38,44,30,14,7,7,7
소계,지능범죄,유가증권인지,기타,97,63,32,40,34,23,26,5,12,10,7,4
소계,지능범죄,유가증권인지,미상,683,399,355,325,233,234,187,211,137,73,41,52
소계,지능범죄,사기,국가,5568,5101,4738,5254,4465,4446,4688,4158,5092,3515,1454,1469
소계,지능범죄,사기,공무원,103,97,70,92,45,63,75,69,41,24,34,19
소계,지능범죄,사기,고용자,1630,1245,1270,1319,1395,1211,1074,966,885,798,578,720
소계,지능범죄,사기,피고용자,353,521,557,519,515,497,469,571,576,523,421,492
소계,지능범죄,사기,직장동료,539,658,700,754,822,936,922,783,755,708,596,676
소계,지능범죄,사기,친구,1229,1285,1518,1562,1710,1862,1829,1509,1546,1589,1152,1219
소계,지능범죄,사기,애인,829,806,889,853,995,1056,1088,1099,1074,1097,808,944
소계,지능범죄,사기,동거친족,61,77,72,56,58,55,59,54,45,48,38,54
소계,지능범죄,사기,기타친족,420,455,504,402,408,353,378,375,386,333,284,340
소계,지능범죄,사기,거래상대방,23385,24382,26702,25334,23861,24288,22935,21919,22728,22241,16077,15946
소계,지능범죄,사기,이웃,1096,1072,1001,999,964,957,861,561,453,401,283,277
소계,지능범죄,사기,지인,4191,4464,5607,5413,6558,6772,6467,10577,11358,11092,8354,9141
소계,지능범죄,사기,타인,33586,37291,46725,49142,55138,52681,51243,58487,67254,68552,52828,51452
소계,지능범죄,사기,기타,30714,23477,15202,16378,16761,16858,14554,14428,17461,18377,14976,14719
소계,지능범죄,사기,미상,160930,119956,133754,114096,114510,111175,101840,114298,116506,115711,64953,72060
소계,지능범죄,횡령,국가,670,575,694,628,652,567,505,370,357,278,183,153
소계,지능범죄,횡령,공무원,16,6,12,12,11,4,5,10,5,7,1,2
소계,지능범죄,횡령,고용자,1607,1573,1618,1565,1682,1514,1289,1186,988,930,714,795
소계,지능범죄,횡령,피고용자,307,395,455,410,487,415,360,639,620,686,449,573
소계,지능범죄,횡령,직장동료,304,354,418,413,436,383,378,379,373,364,303,296
소계,지능범죄,횡령,친구,193,213,234,208,244,216,189,159,143,158,107,116
소계,지능범죄,횡령,애인,69,50,67,74,65,57,63,57,71,63,49,50
소계,지능범죄,횡령,동거친족,20,26,23,12,8,13,19,12,9,8,11,12
소계,지능범죄,횡령,기타친족,313,293,308,263,283,218,216,283,189,186,168,144
소계,지능범죄,횡령,거래상대방,1921,2134,2446,2650,2520,2265,2006,1675,1650,1579,996,958
소계,지능범죄,횡령,이웃,229,245,245,247,227,281,254,219,189,177,139,152
소계,지능범죄,횡령,지인,582,610,663,660,761,654,613,969,929,940,653,643
소계,지능범죄,횡령,타인,4414,5466,7797,7248,9842,11112,11830,11602,12610,13406,12043,13589
소계,지능범죄,횡령,기타,3664,3203,2694,2524,2686,2616,2280,1913,1884,1971,1716,1845
소계,지능범죄,횡령,미상,17080,14364,15049,15061,16041,15268,13573,15797,15146,15177,10438,10678
소계,지능범죄,배임,국가,259,207,266,279,307,237,218,190,126,203,82,50
소계,지능범죄,배임,공무원,2,2,-,4,4,1,-,-,9,5,-,4
소계,지능범죄,배임,고용자,227,225,240,257,330,315,320,244,245,218,186,196
소계,지능범죄,배임,피고용자,38,64,80,74,117,67,63,147,148,161,156,132
소계,지능범죄,배임,직장동료,47,60,59,77,70,72,102,81,76,100,77,64
소계,지능범죄,배임,친구,8,16,18,20,10,12,9,4,10,7,2,5
소계,지능범죄,배임,애인,1,2,2,2,2,-,1,2,2,-,1,1
소계,지능범죄,배임,동거친족,-,-,1,1,1,1,-,-,4,2,2,2
소계,지능범죄,배임,기타친족,31,80,78,38,37,30,43,37,73,35,34,22
소계,지능범죄,배임,거래상대방,500,492,594,602,506,516,543,460,441,343,240,162
소계,지능범죄,배임,이웃,91,93,102,88,60,76,61,52,31,46,34,17
소계,지능범죄,배임,지인,93,116,121,100,127,112,104,183,177,173,137,97
소계,지능범죄,배임,타인,337,398,615,844,533,452,638,492,430,431,298,215
소계,지능범죄,배임,기타,1081,959,896,1528,851,867,874,796,649,562,484,486
소계,지능범죄,배임,미상,5145,4796,5353,5447,5278,4850,4830,5521,5730,6038,3957,4172
소계,풍속범죄,소계,국가,38286,31266,28142,17094,19142,22802,14705,12027,12217,11670,7128,5048
소계,풍속범죄,소계,공무원,41,31,25,24,13,34,34,9,14,8,23,18
소계,풍속범죄,소계,고용자,6,6,6,19,6,13,12,13,12,10,13,11
소계,풍속범죄,소계,피고용자,29,16,15,24,26,22,15,27,24,18,16,10
소계,풍속범죄,소계,직장동료,197,248,214,307,280,273,291,201,208,231,189,160
소계,풍속범죄,소계,친구,162,201,203,248,285,282,422,283,368,413,486,511
소계,풍속범죄,소계,애인,94,159,241,279,310,411,464,502,589,695,792,847
소계,풍속범죄,소계,동거친족,433,656,479,669,121,42,32,53,40,64,60,54
소계,풍속범죄,소계,기타친족,47,102,53,92,47,35,31,23,26,31,19,30
소계,풍속범죄,소계,거래상대방,96,120,106,163,214,241,165,96,112,107,80,143
소계,풍속범죄,소계,이웃,135,187,165,234,201,189,156,141,99,96,85,84
소계,풍속범죄,소계,지인,326,350,311,923,488,602,548,750,876,934,935,902
소계,풍속범죄,소계,타인,3834,4466,5569,12187,10009,10125,10513,8632,9467,9972,10617,13583
소계,풍속범죄,소계,기타,11832,8695,8110,5370,6641,7444,5550,6177,6189,6678,5160,4707
소계,풍속범죄,소계,미상,5865,4402,4375,4061,3300,2634,2843,3249,3538,3744,3427,4883
소계,풍속범죄,성풍속범죄,국가,6200,6903,7501,2936,2348,2055,1383,1466,1126,883,488,320
소계,풍속범죄,성풍속범죄,공무원,12,8,8,4,2,11,6,6,6,3,4,9
소계,풍속범죄,성풍속범죄,고용자,4,5,6,16,5,12,11,12,10,9,10,10
소계,풍속범죄,성풍속범죄,피고용자,7,10,12,8,14,17,12,15,14,17,14,8
소계,풍속범죄,성풍속범죄,직장동료,23,48,54,72,80,125,135,131,130,139,137,131
소계,풍속범죄,성풍속범죄,친구,51,69,78,86,144,170,274,225,315,378,451,475
소계,풍속범죄,성풍속범죄,애인,94,159,233,269,307,409,464,502,589,693,792,847
소계,풍속범죄,성풍속범죄,동거친족,430,651,477,646,114,38,30,53,39,63,59,54
소계,풍속범죄,성풍속범죄,기타친족,43,92,48,84,19,17,27,22,22,23,19,30
소계,풍속범죄,성풍속범죄,거래상대방,41,48,70,68,46,70,79,54,29,34,39,54
소계,풍속범죄,성풍속범죄,이웃,47,74,81,80,74,77,80,65,62,62,60,71
소계,풍속범죄,성풍속범죄,지인,91,124,146,196,173,226,252,429,500,589,644,676
소계,풍속범죄,성풍속범죄,타인,2664,3368,4483,5467,5868,5977,6995,6546,6417,7001,8458,11595
소계,풍속범죄,성풍속범죄,기타,2429,2015,2572,1360,1155,1123,982,1401,1299,1633,1336,1432
소계,풍속범죄,성풍속범죄,미상,3073,2747,2919,2653,1568,880,1316,1786,1915,2019,2038,3639
소계,풍속범죄,도박범죄,국가,32086,24363,20641,14158,16794,20747,13322,10561,11091,10787,6640,4728
소계,풍속범죄,도박범죄,공무원,29,23,17,20,11,23,28,3,8,5,19,9
소계,풍속범죄,도박범죄,고용자,2,1,-,3,1,1,1,1,2,1,3,1
소계,풍속범죄,도박범죄,피고용자,22,6,3,16,12,5,3,12,10,1,2,2
소계,풍속범죄,도박범죄,직장동료,174,200,160,235,200,148,156,70,78,92,52,29
소계,풍속범죄,도박범죄,친구,111,132,125,162,141,112,148,58,53,35,35,36
소계,풍속범죄,도박범죄,애인,-,-,8,10,3,2,-,-,-,2,-,-
소계,풍속범죄,도박범죄,동거친족,3,5,2,23,7,4,2,-,1,1,1,-
소계,풍속범죄,도박범죄,기타친족,4,10,5,8,28,18,4,1,4,8,-,-
소계,풍속범죄,도박범죄,거래상대방,55,72,36,95,168,171,86,42,83,73,41,89
소계,풍속범죄,도박범죄,이웃,88,113,84,154,127,112,76,76,37,34,25,13
소계,풍속범죄,도박범죄,지인,235,226,165,727,315,376,296,321,376,345,291,226
소계,풍속범죄,도박범죄,타인,1170,1098,1086,6720,4141,4148,3518,2086,3050,2971,2159,1988
소계,풍속범죄,도박범죄,기타,9403,6680,5538,4010,5486,6321,4568,4776,4890,5045,3824,3275
소계,풍속범죄,도박범죄,미상,2792,1655,1456,1408,1732,1754,1527,1463,1623,1725,1389,1244
소계,특별경제범죄,소계,국가,12576,11216,9481,10609,9959,8246,8286,7941,8347,6043,4548,4279
소계,특별경제범죄,소계,공무원,123,129,108,146,67,68,74,71,63,52,31,37
소계,특별경제범죄,소계,고용자,1183,563,551,816,377,339,277,164,341,234,151,179
소계,특별경제범죄,소계,피고용자,101,204,155,294,132,111,92,160,279,218,267,179
소계,특별경제범죄,소계,직장동료,189,219,192,214,191,256,243,208,202,258,194,199
소계,특별경제범죄,소계,친구,65,77,86,65,105,83,84,63,73,71,45,43
소계,특별경제범죄,소계,애인,110,152,119,113,130,145,121,127,128,101,57,45
소계,특별경제범죄,소계,동거친족,34,50,50,54,33,53,33,49,53,49,22,22
소계,특별경제범죄,소계,기타친족,101,136,135,147,121,132,150,133,177,122,132,83
소계,특별경제범죄,소계,거래상대방,3704,5225,3829,3576,2901,3053,3162,2520,2492,2342,1314,1277
소계,특별경제범죄,소계,이웃,498,652,559,541,518,490,414,416,374,374,306,255
소계,특별경제범죄,소계,지인,588,868,778,788,843,787,739,1251,1393,1213,847,973
소계,특별경제범죄,소계,타인,22136,29367,28561,32922,34952,30923,29789,32579,35397,28972,18600,19259
소계,특별경제범죄,소계,기타,18372,15019,8895,8935,10618,9599,8412,7839,8283,7491,5811,6556
소계,특별경제범죄,소계,미상,31842,29550,29809,28428,29409,23384,20576,21827,21573,20364,14521,17287
소계,마약범죄,소계,국가,4123,3854,4128,4095,5165,6089,6125,5292,6620,7505,6159,7353
소계,마약범죄,소계,공무원,4,8,2,2,-,7,5,5,8,3,6,10
소계,마약범죄,소계,고용자,-,3,1,5,2,6,2,3,3,3,-,4
소계,마약범죄,소계,피고용자,-,-,1,-,1,-,1,3,3,4,4,3
소계,마약범죄,소계,직장동료,1,1,-,1,2,2,4,5,4,5,1,3
소계,마약범죄,소계,친구,-,2,7,5,5,14,4,7,7,9,7,10
소계,마약범죄,소계,애인,4,3,5,11,11,9,19,10,15,23,21,18
소계,마약범죄,소계,동거친족,1,2,2,-,7,4,4,5,7,8,10,8
소계,마약범죄,소계,기타친족,-,1,-,3,1,-,1,2,3,1,3,1
소계,마약범죄,소계,거래상대방,3,2,9,2,2,6,2,2,4,6,7,10
소계,마약범죄,소계,이웃,-,2,1,-,2,4,4,3,2,1,1,-
소계,마약범죄,소계,지인,10,12,6,7,11,25,20,15,56,46,34,69
소계,마약범죄,소계,타인,66,69,95,108,139,249,277,293,334,465,454,716
소계,마약범죄,소계,기타,357,345,382,528,853,1107,1163,1234,1845,2509,2421,2809
소계,마약범죄,소계,미상,840,427,410,497,712,921,881,798,964,1042,1045,934
소계,보건범죄,소계,국가,14400,13403,15440,14762,12425,13156,11220,9579,10729,12574,24151,33251
소계,보건범죄,소계,공무원,41,26,34,49,30,54,34,33,34,47,92,101
소계,보건범죄,소계,고용자,4,6,10,9,8,7,26,10,6,7,11,15
소계,보건범죄,소계,피고용자,4,11,11,9,6,11,8,11,7,47,14,9
소계,보건범죄,소계,직장동료,8,13,34,12,22,23,15,10,13,15,39,18
소계,보건범죄,소계,친구,4,5,6,8,4,3,5,4,9,3,6,7
소계,보건범죄,소계,애인,4,-,3,-,1,1,2,4,3,2,2,1
소계,보건범죄,소계,동거친족,3,2,3,3,-,-,-,1,1,3,2,1
소계,보건범죄,소계,기타친족,1,5,9,3,2,4,4,1,5,2,6,2
소계,보건범죄,소계,거래상대방,216,338,495,597,434,446,255,213,218,181,177,330
소계,보건범죄,소계,이웃,17,17,8,15,13,12,17,13,10,11,11,16
소계,보건범죄,소계,지인,18,41,36,20,22,38,33,62,39,39,53,87
소계,보건범죄,소계,타인,711,905,1391,1477,1663,1684,1500,1283,1638,1698,2585,3425
소계,보건범죄,소계,기타,2866,2546,3136,2571,3175,3383,2978,2838,2418,3399,7361,12353
소계,보건범죄,소계,미상,2148,2213,2430,2550,2916,2827,3033,2903,2894,3782,4433,7104
소계,환경범죄,소계,국가,2294,2399,2727,2224,2077,2613,3117,2661,3416,2633,2363,2112
소계,환경범죄,소계,공무원,11,9,1,13,8,14,16,20,12,11,39,19
소계,환경범죄,소계,고용자,-,1,4,4,2,-,1,1,4,-,-,2
소계,환경범죄,소계,피고용자,1,2,7,1,1,6,1,1,1,3,2,2
소계,환경범죄,소계,직장동료,-,1,-,-,3,-,2,1,1,1,1,1
소계,환경범죄,소계,친구,-,-,-,-,-,-,-,1,-,-,-,-
소계,환경범죄,소계,애인,-,-,-,-,-,-,-,-,-,-,-,-
소계,환경범죄,소계,동거친족,-,-,-,-,-,-,-,-,-,-,-,-
소계,환경범죄,소계,기타친족,-,1,-,1,7,1,-,-,5,4,-,3
소계,환경범죄,소계,거래상대방,7,10,9,11,12,17,40,13,27,12,2,6
소계,환경범죄,소계,이웃,3,3,6,9,5,4,8,4,3,6,4,2
소계,환경범죄,소계,지인,3,1,-,1,1,6,-,2,1,1,2,6
소계,환경범죄,소계,타인,47,57,81,87,156,123,107,153,197,281,195,155
소계,환경범죄,소계,기타,327,309,338,385,486,558,498,575,663,708,734,874
소계,환경범죄,소계,미상,420,454,415,400,418,460,588,634,758,669,511,507
소계,교통범죄,소계,국가,245984,215303,241039,219586,214782,225297,187040,133294,106064,92011,82721,88347
소계,교통범죄,소계,공무원,315,216,250,229,170,185,185,150,85,86,105,110
소계,교통범죄,소계,고용자,32,19,22,19,20,23,13,18,18,16,29,12
소계,교통범죄,소계,피고용자,183,169,100,85,77,85,53,77,63,46,56,63
소계,교통범죄,소계,직장동료,222,248,215,156,163,140,124,98,102,96,84,53
소계,교통범죄,소계,친구,792,796,672,546,558,459,443,320,270,327,285,220
소계,교통범죄,소계,애인,130,119,108,103,96,77,65,72,52,82,59,43
소계,교통범죄,소계,동거친족,442,427,353,335,293,275,269,250,203,182,167,136
소계,교통범죄,소계,기타친족,148,252,174,117,111,111,115,79,80,73,65,53
소계,교통범죄,소계,거래상대방,481,514,524,408,261,211,243,181,214,190,181,153
소계,교통범죄,소계,이웃,709,884,837,706,624,630,572,504,431,374,337,277
소계,교통범죄,소계,지인,415,406,362,320,310,242,226,454,393,408,414,322
소계,교통범죄,소계,타인,135760,148957,144266,145645,143244,124825,115960,114405,107465,103338,92370,85680
소계,교통범죄,소계,기타,23702,24207,22295,25755,28530,35135,33685,25924,22276,23269,26892,31599
소계,교통범죄,소계,미상,115035,119559,125539,139116,160135,167657,145559,137321,146001,135948,107467,33148
소계,노동범죄,소계,국가,1757,1662,1693,1336,1807,4721,4024,1516,412,276,416,342
소계,노동범죄,소계,공무원,3,2,12,4,3,13,12,4,-,1,2,1
소계,노동범죄,소계,고용자,21,15,17,13,26,29,14,15,20,10,17,10
소계,노동범죄,소계,피고용자,10,28,25,17,18,19,20,23,13,12,5,6
소계,노동범죄,소계,직장동료,3,9,3,10,8,8,9,6,8,4,4,3
소계,노동범죄,소계,친구,1,1,-,-,-,-,-,-,1,-,-,-
소계,노동범죄,소계,애인,-,-,-,-,-,-,-,-,-,-,-,-
소계,노동범죄,소계,동거친족,-,-,-,-,-,-,-,1,-,-,-,-
소계,노동범죄,소계,기타친족,-,1,-,1,1,3,2,1,-,1,-,-
소계,노동범죄,소계,거래상대방,16,20,14,28,24,16,16,4,8,13,2,3
소계,노동범죄,소계,이웃,-,-,-,-,-,1,-,-,-,-,-,-
소계,노동범죄,소계,지인,7,2,4,3,3,3,7,5,8,3,4,1
소계,노동범죄,소계,타인,64,99,104,161,89,151,85,75,53,55,44,51
소계,노동범죄,소계,기타,442,329,219,283,187,485,300,185,171,105,75,100
소계,노동범죄,소계,미상,317,210,218,275,229,411,475,238,171,133,101,100
소계,안보범죄,소계,국가,77,86,101,50,63,37,61,25,36,71,206,84
소계,안보범죄,소계,공무원,-,-,-,-,-,-,-,-,-,-,-,-
소계,안보범죄,소계,고용자,-,-,-,-,-,-,-,-,-,-,-,-
소계,안보범죄,소계,피고용자,-,-,-,-,-,-,-,-,-,-,-,-
소계,안보범죄,소계,직장동료,-,-,-,-,-,-,-,-,-,-,1,-
소계,안보범죄,소계,친구,-,-,-,-,3,-,-,-,1,1,-,1
소계,안보범죄,소계,애인,-,-,-,-,-,-,-,-,-,-,-,-
소계,안보범죄,소계,동거친족,-,-,-,-,-,-,-,-,-,-,-,-
소계,안보범죄,소계,기타친족,-,-,-,-,-,1,-,-,-,-,1,-
소계,안보범죄,소계,거래상대방,-,1,-,-,-,2,19,-,-,20,-,7
소계,안보범죄,소계,이웃,-,1,-,-,-,-,-,-,-,-,-,-
소계,안보범죄,소계,지인,-,-,2,-,-,-,-,-,-,-,1,-
소계,안보범죄,소계,타인,17,14,14,9,63,34,112,95,357,407,230,409
소계,안보범죄,소계,기타,19,6,8,5,15,3,19,16,65,102,81,118
소계,안보범죄,소계,미상,47,18,27,26,30,74,40,51,86,77,219,63
소계,선거범죄,소계,국가,258,1010,233,1454,688,744,447,1610,635,576,122,1452
소계,선거범죄,소계,공무원,2,10,2,12,1,4,3,9,-,3,-,16
소계,선거범죄,소계,고용자,1,-,-,-,-,-,-,-,-,1,-,-
소계,선거범죄,소계,피고용자,-,2,-,-,-,2,-,-,1,-,-,1
소계,선거범죄,소계,직장동료,-,1,1,1,-,2,-,10,-,-,-,7
소계,선거범죄,소계,친구,-,1,-,2,1,3,-,1,-,1,-,2
소계,선거범죄,소계,애인,-,-,-,-,-,-,-,-,-,-,-,-
소계,선거범죄,소계,동거친족,-,-,-,-,-,-,-,-,-,-,-,-
소계,선거범죄,소계,기타친족,-,1,-,1,-,-,-,2,1,-,-,3
소계,선거범죄,소계,거래상대방,-,3,-,8,1,2,3,6,-,1,1,1
소계,선거범죄,소계,이웃,-,-,-,8,5,1,-,8,1,-,-,1
소계,선거범죄,소계,지인,1,3,-,15,17,7,-,53,11,6,-,34
소계,선거범죄,소계,타인,6,142,30,238,62,123,88,326,53,191,23,321
소계,선거범죄,소계,기타,55,252,57,290,138,182,100,239,142,180,34,656
소계,선거범죄,소계,미상,77,430,86,771,208,455,146,1016,336,586,132,1273
소계,병역범죄,소계,국가,14315,16171,20185,16332,15854,13675,12866,11532,10115,2535,1053,2975
소계,병역범죄,소계,공무원,42,30,35,55,53,43,17,25,32,10,13,30
소계,병역범죄,소계,고용자,1,2,2,1,2,1,1,-,1,1,1,-
소계,병역범죄,소계,피고용자,3,3,5,8,14,7,3,5,2,1,-,4
소계,병역범죄,소계,직장동료,-,-,-,1,-,-,-,1,-,-,2,-
소계,병역범죄,소계,친구,1,-,2,-,2,-,-,-,-,-,-,-
소계,병역범죄,소계,애인,-,-,-,-,-,1,-,-,1,-,-,-
소계,병역범죄,소계,동거친족,2,2,5,4,1,2,2,7,7,-,-,-
소계,병역범죄,소계,기타친족,1,3,1,1,1,-,2,-,1,-,-,1
소계,병역범죄,소계,거래상대방,15,15,30,30,32,17,9,6,6,4,4,3
소계,병역범죄,소계,이웃,-,1,-,1,1,-,-,-,-,-,-,-
소계,병역범죄,소계,지인,2,2,-,3,1,-,1,1,-,-,1,2
소계,병역범죄,소계,타인,83,107,197,220,228,159,157,160,180,67,40,157
소계,병역범죄,소계,기타,828,808,948,1055,1282,1102,921,906,908,263,183,606
소계,병역범죄,소계,미상,7459,1215,1790,812,770,652,595,611,556,283,98,131
소계,기타범죄,소계,국가,103050,87811,86183,89426,87475,128354,104519,79515,79789,66921,55014,51119
소계,기타범죄,소계,공무원,8158,9007,9863,12305,9813,10060,8740,6986,6434,5627,4484,5068
소계,기타범죄,소계,고용자,904,917,835,791,832,962,904,956,907,851,811,857
소계,기타범죄,소계,피고용자,645,837,744,876,798,940,973,889,845,845,792,805
소계,기타범죄,소계,직장동료,981,1203,1286,1480,1527,1695,1758,1848,1896,2022,2072,1923
소계,기타범죄,소계,친구,512,817,848,797,816,1043,1133,796,823,1033,1127,1140
소계,기타범죄,소계,애인,751,859,863,867,969,1231,1249,1381,1544,1562,1936,3660
소계,기타범죄,소계,동거친족,479,590,771,1002,1717,2789,3118,3432,4507,5433,11591,11050
소계,기타범죄,소계,기타친족,700,795,795,810,877,1059,981,1137,1250,1322,1807,1981
소계,기타범죄,소계,거래상대방,2955,3341,3795,4257,4114,4750,5116,4626,4015,3528,2731,2414
소계,기타범죄,소계,이웃,2239,2659,2505,2644,2501,2717,2572,2633,2802,2939,2826,2742
소계,기타범죄,소계,지인,1772,2042,2244,2429,2477,2697,2816,4510,5024,4923,4543,4889
소계,기타범죄,소계,타인,23265,29089,33944,39753,41367,41784,38814,37348,40212,41197,39194,42396
소계,기타범죄,소계,기타,31159,25075,22143,21746,27740,39847,32247,27338,27498,29063,29554,33748
소계,기타범죄,소계,미상,47211,43390,46705,51671,58724,70942,67890,73628,78454,77273,62716,69621
